060310,3S,특수 목적용 기계 제조업
095570,AJ네트웍스,산업용 기계 및 장비 임대업
068400,AJ렌터카,운송장비 임대업
006840,AK홀딩스, 금융업
054620,APS홀딩스, 금융업
265520,AP시스템,특수 목적용 기계 제조업
211270,AP위성,통신 및 방송 장비 제조업
027410,BGF, 금융업
282330,BGF리테일,종합 소매업
138930,BNK금융지주, 금융업
001460,BYC,봉제의복 제조업
001040,CJ, 금융업
079160,CJ CGV,"영화, 비디오물, 방송프로그램 제작 및 배급업"
035760,CJ ENM,텔레비전 방송업
000120,CJ대한통운,도로 화물 운송업
011150,CJ씨푸드, 식품 제조업
097950,CJ제일제당, 식품 제조업
051500,CJ프레시웨이,음·식료품 및 담배 도매업
037560,CJ헬로,텔레비전 방송업
058820,CMG제약,의약품 제조업
023460,CNH,신탁업 및 집합투자업
065770,CS,통신 및 방송 장비 제조업
083660,CSA 코스믹,플라스틱제품 제조업
000590,CS홀딩스, 금융업
012030,DB,"컴퓨터 프로그래밍, 시스템 통합 및 관리업"
306620,DB금융스팩6호,금융 지원 서비스업
016610,DB금융투자,금융 지원 서비스업
005830,DB손해보험,보험업
000990,DB하이텍,반도체 제조업
139130,DGB금융지주, 금융업
068790,DMS,특수 목적용 기계 제조업
004840,DRB동일, 금융업
241520,DSC인베스트먼트,신탁업 및 집합투자업
155660,DSR,1차 비철금속 제조업
069730,DSR제강,1차 철강 제조업
017940,E1, 전문 도매업
245620,EDGC,자연과학 및 공학 연구개발업
037370,EG, 전문 도매업
079190,EMW,통신 및 방송 장비 제조업
007700,F&F,봉제의복 제조업
130500,GH신소재, 섬유제품 제조업
114090,GKL,유원지 및  오락관련 서비스업
032860,GMR 머티리얼즈,"해체, 선별 및 원료 재생업"
900290,GRT, 금융업
078930,GS, 금융업
083450,GST,특수 목적용 기계 제조업
006360,GS건설,건물 건설업
001250,GS글로벌,상품 종합 도매업
007070,GS리테일,종합 소매업
028150,GS홈쇼핑,텔레비전 방송업
045890,GV,전구 및 조명장치 제조업
078150,HB테크놀러지,특수 목적용 기계 제조업
012630,HDC, 금융업
039570,HDC아이콘트롤스,전기 및 통신 공사업
089470,HDC현대EP, 화학제품 제조업
294870,HDC현대산업개발,건물 건설업
036640,HRS,합성고무 및 플라스틱 물질 제조업
082740,HSD엔진,일반 목적용 기계 제조업
299170,IBKS제10호스팩,금융 지원 서비스업
254120,IBKS제5호스팩,금융 지원 서비스업
264850,IBKS제6호스팩,금융 지원 서비스업
276920,IBKS제7호스팩,금융 지원 서비스업
297570,IBKS제9호스팩,금융 지원 서비스업
095340,ISC,전자부품 제조업
099520,ITX엠투엠,영상 및 음향기기 제조업
175330,JB금융지주, 금융업
950170,JTC,종합 소매업
234080,JW생명과학,의약품 제조업
067290,JW신약,의약품 제조업
001060,JW중외제약,의약품 제조업
096760,JW홀딩스, 금융업
035900,JYP Ent.,오디오물 출판 및 원판 녹음업
105560,KB금융, 금융업
024120,KB오토시스,자동차 신품 부품 제조업
021320,KCC건설,건물 건설업
036670,KCI, 화학제품 제조업
009440,KC그린홀딩스, 금융업
112190,KC산업,"시멘트, 석회, 플라스터 및 그 제품 제조업"
119650,KC코트렐,일반 목적용 기계 제조업
044180,KD건설,건물 건설업
092220,KEC,반도체 제조업
151860,KG ETS,폐기물 처리업
046440,KG모빌리언스,소프트웨어 개발 및 공급업
035600,KG이니시스,소프트웨어 개발 및 공급업
001390,KG케미칼,기초 화학물질 제조업
060720,KH바텍,전자부품 제조업
001940,KISCO홀딩스, 금융업
083470,KJ프리텍,플라스틱제품 제조업
122450,KMH,텔레비전 방송업
052900,KMH하이텍,플라스틱제품 제조업
058400,KNN,텔레비전 방송업
114450,KPX생명과학,기초 의약물질 및 생물학적 제제 제조업
025000,KPX케미칼,기초 화학물질 제조업
092230,KPX홀딩스, 금융업
000040,KR모터스,그외  운송장비 제조업
044450,KSS해운,해상 운송업
030210,KTB투자증권,금융 지원 서비스업
036030,KTH,상품 중개업
058850,KTcs, 정보 서비스업
060370,KT서브마린,전기 및 통신 공사업
093050,LF,봉제의복 제조업
003550,LG, 금융업
034220,LG디스플레이,전자부품 제조업
001120,LG상사,상품 중개업
051900,LG생활건강, 화학제품 제조업
032640,LG유플러스,전기 통신업
011070,LG이노텍,전자부품 제조업
066570,LG전자,통신 및 방송 장비 제조업
108670,LG하우시스,플라스틱제품 제조업
051910,LG화학,기초 화학물질 제조업
079550,LIG넥스원,무기 및 총포탄 제조업
006260,LS, 금융업
000680,LS네트웍스,상품 종합 도매업
010120,LS산전,"전동기, 발전기 및 전기 변환 · 공급 · 제어 장치 제조업"
229640,LS전선아시아, 금융업
023150,MH에탄올,알코올음료 제조업
065150,MP그룹,음·식료품 및 담배 도매업
219550,MP한강,생활용품 도매업
035420,NAVER,"자료처리, 호스팅, 포털 및  인터넷 정보매개 서비스업"
160550,NEW,"영화, 비디오물, 방송프로그램 제작 및 배급업"
053290,NE능률,"서적, 잡지 및  인쇄물 출판업"
104200,NHN벅스,소프트웨어 개발 및 공급업
181710,NHN엔터테인먼트,소프트웨어 개발 및 공급업
060250,NHN한국사이버결제, 정보 서비스업
005940,NH투자증권,금융 지원 서비스업
034310,NICE,회사 본부 및 경영 컨설팅 서비스업
030190,NICE평가정보, 정보 서비스업
008260,NI스틸,1차 철강 제조업
010060,OCI,기초 화학물질 제조업
024940,PN풍년, 금속 가공제품 제조업
218410,RFHIC,통신 및 방송 장비 제조업
091340,S&K폴리텍,전자부품 제조업
100840,S&TC,일반 목적용 기계 제조업
064960,S&T모티브,자동차 신품 부품 제조업
003570,S&T중공업,자동차 신품 부품 제조업
036530,S&T홀딩스, 금융업
010950,S-Oil,석유 정제품 제조업
019550,SBI인베스트먼트,신탁업 및 집합투자업
950110,SBI핀테크솔루션즈,소프트웨어 개발 및 공급업
034120,SBS,텔레비전 방송업
101060,SBS미디어홀딩스, 금융업
046140,SBS콘텐츠허브,"영화, 비디오물, 방송프로그램 제작 및 배급업"
036120,SCI평가정보, 사업지원 서비스업
099220,SDN,기계장비 및 관련 물품 도매업
036540,SFA반도체,반도체 제조업
255220,SG, 비금속 광물제품 제조업
040610,SG&G,자동차 신품 부품 제조업
049470,SGA,소프트웨어 개발 및 공급업
184230,SGA솔루션즈,소프트웨어 개발 및 공급업
224880,SGA임베디드,소프트웨어 개발 및 공급업
004060,SG세계물산,상품 종합 도매업
001380,SG충방,자동차 신품 부품 제조업
002360,SH에너지화학,기초 화학물질 제조업
009160,SIMPAC,특수 목적용 기계 제조업
034730,SK, 금융업
232330,SK3호스팩,금융 지원 서비스업
307070,SK4호스팩,금융 지원 서비스업
011790,SKC, 화학제품 제조업
057500,SKC 솔믹스,전자부품 제조업
178920,SKC코오롱PI,플라스틱제품 제조업
018670,SK가스, 전문 도매업
001740,SK네트웍스, 전문 도매업
006120,SK디스커버리, 금융업
210980,SK디앤디,부동산 임대 및 공급업
036490,SK머티리얼즈,기초 화학물질 제조업
052260,SK바이오랜드, 화학제품 제조업
096770,SK이노베이션, 금융업
001510,SK증권,금융 지원 서비스업
285130,SK케미칼,합성고무 및 플라스틱 물질 제조업
017670,SK텔레콤,전기 통신업
000660,SK하이닉스,반도체 제조업
048550,SM C&C,"영화, 비디오물, 방송프로그램 제작 및 배급업"
063440,SM Life Design,기록매체 복제업
005610,SPC삼립, 식품 제조업
011810,STX,상품 종합 도매업
077970,STX엔진,일반 목적용 기계 제조업
071970,STX중공업,일반 목적용 기계 제조업
289080,SV인베스트먼트, 금융업
002710,TCC동양,1차 철강 제조업
089230,THE E&M, 정보 서비스업
161570,THE MIDONG,영상 및 음향기기 제조업
032540,TJ미디어,영상 및 음향기기 제조업
048770,TPC,일반 목적용 기계 제조업
284610,TS트릴리온, 화학제품 제조업
038340,UCI,일반 교습 학원
073570,WI,특수 목적용 기계 제조업
024070,WISCOM,플라스틱제품 제조업
052300,W홀딩컴퍼니, 운송관련 서비스업
037270,YG PLUS,"인형,장난감 및 오락용품 제조업"
040300,YTN,"영화, 비디오물, 방송프로그램 제작 및 배급업"
051390,YW,상품 종합 도매업
052220,iMBC,"자료처리, 호스팅, 포털 및  인터넷 정보매개 서비스업"
079940,가비아,소프트웨어 개발 및 공급업
078890,가온미디어,통신 및 방송 장비 제조업
000500,가온전선,절연선 및 케이블 제조업
192410,감마누,통신 및 방송 장비 제조업
024840,갑을메탈,1차 비철금속 제조업
000860,강남제비스코, 화학제품 제조업
217730,강스템바이오텍,기초 의약물질 및 생물학적 제제 제조업
035250,강원랜드,유원지 및  오락관련 서비스업
011420,갤럭시아에스엠,스포츠 서비스업
094480,갤럭시아컴즈,소프트웨어 개발 및 공급업
063080,게임빌, 금융업
039240,경남스틸,1차 철강 제조업
053950,경남제약,의약품 제조업
002100,경농,"비료, 농약 및 살균, 살충제 제조업"
009450,경동나비엔,가정용 기기 제조업
267290,경동도시가스,연료용 가스 제조 및 배관공급업
012320,경동인베스트, 금융업
011040,경동제약,의약품 제조업
000050,경방,방적 및 가공사 제조업
214390,경보제약,기초 의약물질 및 생물학적 제제 제조업
012610,경인양행,기초 화학물질 제조업
009140,경인전자,전자부품 제조업
024910,경창산업,자동차 신품 부품 제조업
013580,계룡건설산업,토목 건설업
012200,계양전기,일반 목적용 기계 제조업
004200,고려개발,토목 건설업
002140,고려산업,"곡물가공품, 전분 및 전분제품 제조업"
198440,고려시멘트,"시멘트, 석회, 플라스터 및 그 제품 제조업"
049720,고려신용정보, 사업지원 서비스업
010130,고려아연,1차 비철금속 제조업
002240,고려제강,1차 철강 제조업
014570,고려제약,의약품 제조업
098460,고영,특수 목적용 기계 제조업
038530,골드퍼시픽,생활용품 도매업
307870,골든브릿지이안5호,금융 지원 서비스업
001290,골든브릿지증권,금융 지원 서비스업
900280,골든센츄리, 금융업
215000,골프존,소프트웨어 개발 및 공급업
121440,골프존뉴딘홀딩스, 금융업
183410,골프존데카,"측정, 시험, 항해, 제어 및  정밀기기 제조업; 광학기기 제외"
076340,관악산업,기반조성 및 시설물 축조관련 전문공사업
009290,광동제약,의약품 제조업
014200,광림,자동차용 엔진 및 자동차 제조업
017040,광명전기,"전동기, 발전기 및 전기 변환 · 공급 · 제어 장치 제조업"
017900,광전자,반도체 제조업
037710,광주신세계,종합 소매업
026910,광진실업,1차 철강 제조업
090150,광진윈텍,자동차 신품 부품 제조업
267320,교보7호스팩,금융 지원 서비스업
307280,교보8호스팩,금융 지원 서비스업
030610,교보증권,금융 지원 서비스업
053270,구영테크,자동차 신품 부품 제조업
007690,국도화학,기초 화학물질 제조업
005320,국동,생활용품 도매업
001140,국보,도로 화물 운송업
066620,국보디자인,실내건축 및 건축마무리 공사업
043650,국순당,알코올음료 제조업
006050,국영지앤엠,유리 및 유리제품 제조업
060480,국일신동,1차 비철금속 제조업
078130,국일제지, 종이 및 판지 제품 제조업
002720,국제약품,의약품 제조업
243870,굿센,"컴퓨터 프로그래밍, 시스템 통합 및 관리업"
019010,그랜드백화점,종합 소매업
083420,그린케미칼, 화학제품 제조업
186230,그린플러스,1차 비철금속 제조업
014530,극동유화,석유 정제품 제조업
900070,글로벌에스엠, 금융업
204620,글로벌텍스프리,금융 지원 서비스업
019660,글로본,상품 종합 도매업
014280,금강공업,1차 철강 제조업
053260,금강철강,1차 철강 제조업
008870,금비,유리 및 유리제품 제조업
001570,금양,기초 화학물질 제조업
002990,금호산업,건물 건설업
011780,금호석유화학,기초 화학물질 제조업
214330,금호에이치티,자동차 신품 부품 제조업
001210,금호전기,전구 및 조명장치 제조업
073240,금호타이어,고무제품 제조업
036190,금화피에스시,전기 및 통신 공사업
049080,기가레인,특수 목적용 기계 제조업
035460,기산텔레콤,통신 및 방송 장비 제조업
092440,기신정기,특수 목적용 기계 제조업
000270,기아자동차,자동차용 엔진 및 자동차 제조업
024110,기업은행,은행 및 저축기관
013700,까뮤이앤씨,건물 건설업
004540,깨끗한나라,"펄프, 종이 및 판지 제조업"
187790,나노,기초 화학물질 제조업
074610,나노메딕스,일반 목적용 기계 제조업
151910,나노스,전자부품 제조업
121600,나노신소재, 화학제품 제조업
039860,나노엔텍,의료용 기기 제조업
091970,나노캠텍,플라스틱제품 제조업
244880,나눔테크,의료용 기기 제조업
288490,나라소프트,소프트웨어 개발 및 공급업
051490,나라엠앤디,특수 목적용 기계 제조업
190510,나무가,전자부품 제조업
242040,나무기술,소프트웨어 개발 및 공급업
089600,나스미디어,광고업
293580,나우아이비캐피탈, 금융업
138610,나이벡,의료용품 및  의약 관련제품 제조업
130580,나이스디앤비, 사업지원 서비스업
036800,나이스정보통신,전기 통신업
001260,남광토건,토목 건설업
008350,남선알미늄,1차 비철금속 제조업
004270,남성, 전문 도매업
003920,남양유업,낙농제품 및 식용빙과류 제조업
002070,남영비비안,봉제의복 제조업
025860,남해화학,"비료, 농약 및 살균, 살충제 제조업"
111710,남화산업,스포츠 서비스업
091590,남화토건,건물 건설업
168330,내츄럴엔도텍,자연과학 및 공학 연구개발업
072770,네오디안테크놀로지,"컴퓨터 프로그래밍, 시스템 통합 및 관리업"
253590,네오셈,"측정, 시험, 항해, 제어 및  정밀기기 제조업; 광학기기 제외"
212560,네오오토,자동차 신품 부품 제조업
095660,네오위즈,소프트웨어 개발 및 공급업
042420,네오위즈홀딩스, 금융업
085910,네오티스,자동차 신품 부품 제조업
092730,네오팜, 화학제품 제조업
290660,네오펙트,의료용 기기 제조업
153460,네이블커뮤니케이션즈,소프트웨어 개발 및 공급업
007390,네이처셀,비알코올음료 및 얼음 제조업
086220,네추럴FNP, 식품 제조업
033640,네패스,반도체 제조업
087730,네패스신소재,합성고무 및 플라스틱 물질 제조업
005720,넥센, 금융업
002350,넥센타이어,고무제품 제조업
089140,넥스턴,유리 및 유리제품 제조업
065170,넥스트BT,음·식료품 및 담배 도매업
139670,넥스트리밍,소프트웨어 개발 및 공급업
003580,넥스트사이언스, 비금속광물 광업
137940,넥스트아이,"측정, 시험, 항해, 제어 및  정밀기기 제조업; 광학기기 제외"
041140,넥슨지티,소프트웨어 개발 및 공급업
217270,넵튠,소프트웨어 개발 및 공급업
225570,넷게임즈,소프트웨어 개발 및 공급업
251270,넷마블,소프트웨어 개발 및 공급업
104620,노랑풍선,여행사 및  여행보조 서비스업
090350,노루페인트, 화학제품 제조업
000320,노루홀딩스, 금융업
194700,노바렉스, 식품 제조업
285490,노바텍,그외  제품 제조업
229500,노브메타파마,자연과학 및 공학 연구개발업
006280,녹십자,의약품 제조업
144510,녹십자랩셀,"그외  전문, 과학 및 기술 서비스업"
031390,녹십자셀,기초 의약물질 및 생물학적 제제 제조업
142280,녹십자엠에스,의료용품 및  의약 관련제품 제조업
005250,녹십자홀딩스,회사 본부 및 경영 컨설팅 서비스업
065560,녹원씨엔아이, 전문 도매업
004370,농심, 식품 제조업
072710,농심홀딩스, 금융업
054050,농우바이오,작물 재배업
040160,누리텔레콤,소프트웨어 개발 및 공급업
069140,누리플랜,"구조용 금속제품, 탱크 및 증기발생기 제조업"
126870,뉴로스,일반 목적용 기계 제조업
060260,뉴보텍,플라스틱제품 제조업
012340,뉴인텍,전자부품 제조업
270870,뉴트리, 식품 제조업
222040,뉴트리바이오텍, 식품 제조업
144960,뉴파워프라즈마,특수 목적용 기계 제조업
900100,뉴프라이드,자동차 부품 및 내장품 판매업
085670,뉴프렉스,전자부품 제조업
119860,다나와,소프트웨어 개발 및 공급업
064260,다날,소프트웨어 개발 및 공급업
093640,다믈멀티미디어,반도체 제조업
039560,다산네트웍스,통신 및 방송 장비 제조업
058730,다스코,"구조용 금속제품, 탱크 및 증기발생기 제조업"
023590,다우기술,"자료처리, 호스팅, 포털 및  인터넷 정보매개 서비스업"
032190,다우데이타,기계장비 및 관련 물품 도매업
068240,다원시스,"전동기, 발전기 및 전기 변환 · 공급 · 제어 장치 제조업"
086080,다이노나,자연과학 및 공학 연구개발업
271850,다이오진,자연과학 및 공학 연구개발업
019680,대교,초등 교육기관
006370,대구백화점,종합 소매업
008060,대덕전자,전자부품 제조업
178600,대동고려삼, 식품 제조업
000490,대동공업,특수 목적용 기계 제조업
020400,대동금속,금속 주조업
008830,대동기어,특수 목적용 기계 제조업
048470,대동스틸,1차 철강 제조업
008110,대동전자,통신 및 방송 장비 제조업
004780,대륙제관, 금속 가공제품 제조업
005750,대림비앤코,"내화, 비내화 요업제품 제조업"
000210,대림산업,토목 건설업
004440,대림씨엔에스,"시멘트, 석회, 플라스터 및 그 제품 제조업"
017650,대림제지, 종이 및 판지 제품 제조업
006570,대림통상, 금속 가공제품 제조업
007720,대명코퍼레이션,상품 종합 도매업
290670,대보마그네틱, 전기장비 제조업
078140,대봉엘에스,의약품 제조업
001680,대상, 식품 제조업
084690,대상홀딩스, 금융업
036480,대성미생물,의약품 제조업
128820,대성산업,연료 소매업
117580,대성에너지,연료용 가스 제조 및 배관공급업
025440,대성엘텍,영상 및 음향기기 제조업
027830,대성창투,신탁업 및 집합투자업
104040,대성파인텍,자동차 신품 부품 제조업
016710,대성홀딩스,회사 본부 및 경영 컨설팅 서비스업
262830,대신밸런스제4호스팩,금융 지원 서비스업
303030,대신밸런스제5호스팩,금융 지원 서비스업
307750,대신밸런스제6호스팩,금융 지원 서비스업
020180,대신정보통신,"컴퓨터 프로그래밍, 시스템 통합 및 관리업"
003540,대신증권,금융 지원 서비스업
045390,대아티아이, 전기장비 제조업
009190,대양금속,1차 철강 제조업
108380,대양전기공업,선박 및 보트 건조업
006580,대양제지,"펄프, 종이 및 판지 제조업"
014160,대영포장,"골판지, 종이 상자 및 종이용기 제조업"
047040,대우건설,건물 건설업
009320,대우부품,자동차 신품 부품 제조업
042660,대우조선해양,선박 및 보트 건조업
003090,대웅, 금융업
069620,대웅제약,의약품 제조업
007680,대원,건물 건설업
000430,대원강업,자동차 신품 부품 제조업
311840,대원모방,직물직조 및 직물제품 제조업
048910,대원미디어, 전문 도매업
005710,대원산업,자동차 신품 부품 제조업
006340,대원전선,절연선 및 케이블 제조업
003220,대원제약,의약품 제조업
024890,대원화성,플라스틱제품 제조업
290380,대유,"비료, 농약 및 살균, 살충제 제조업"
002880,대유에이텍,자동차 신품 부품 제조업
290120,대유에이피,자동차 신품 부품 제조업
071460,대유위니아,가정용 기기 제조업
000300,대유플러스,통신 및 방송 장비 제조업
120240,대정화금,기초 화학물질 제조업
003310,대주산업,동물용 사료 및 조제식품 제조업
114920,대주이엔티,1차 철강 제조업
078600,대주전자재료,전자부품 제조업
065690,대진디엠피,고무제품 제조업
012800,대창,1차 비철금속 제조업
015230,대창단조,자동차 신품 부품 제조업
096350,대창솔루션,"구조용 금속제품, 탱크 및 증기발생기 제조업"
140520,대창스틸,1차 철강 제조업
131220,대한과학,기계장비 및 관련 물품 도매업
010170,대한광통신,절연선 및 케이블 제조업
054670,대한뉴팜,의약품 제조업
001070,대한방직,직물직조 및 직물제품 제조업
023910,대한약품,의약품 제조업
006650,대한유화,기초 화학물질 제조업
001440,대한전선,절연선 및 케이블 제조업
084010,대한제강,1차 철강 제조업
001790,대한제당,"곡물가공품, 전분 및 전분제품 제조업"
001130,대한제분,"곡물가공품, 전분 및 전분제품 제조업"
003490,대한항공,항공 여객 운송업
005880,대한해운,해상 운송업
003830,대한화섬,화학섬유 제조업
016090,대현,봉제의복 제조업
069460,대호에이엘,1차 비철금속 제조업
021040,대호피앤씨,1차 철강 제조업
067080,대화제약,의약품 제조업
192080,더블유게임즈,소프트웨어 개발 및 공급업
035290,더블유에프엠,"서적, 잡지 및  인쇄물 출판업"
012510,더존비즈온,"컴퓨터 프로그래밍, 시스템 통합 및 관리업"
302920,더콘텐츠온,"영화, 비디오물, 방송프로그램 제작 및 배급업"
213420,덕산네오룩스,전자부품 제조업
077360,덕산하이메탈,반도체 제조업
004830,덕성,플라스틱제품 제조업
090410,덕신하우징,"구조용 금속제품, 탱크 및 증기발생기 제조업"
024900,덕양산업,자동차 신품 부품 제조업
263600,덕우전자,전자부품 제조업
194480,데브시스터즈,소프트웨어 개발 및 공급업
263800,데이타솔루션,"컴퓨터 프로그래밍, 시스템 통합 및 관리업"
199150,데이터스트림즈,소프트웨어 개발 및 공급업
139050,데일리블록체인,"컴퓨터 프로그래밍, 시스템 통합 및 관리업"
017680,데코앤이,봉제의복 제조업
206560,덱스터,"영화, 비디오물, 방송프로그램 제작 및 배급업"
145720,덴티움,의료용 기기 제조업
067990,도이치모터스,자동차 판매업
002150,도화엔지니어링,"건축기술, 엔지니어링 및 관련 기술 서비스업"
006620,동구바이오제약,의약품 제조업
100130,동국S&C,"구조용 금속제품, 탱크 및 증기발생기 제조업"
005160,동국산업,1차 철강 제조업
001620,동국실업,자동차 신품 부품 제조업
075970,동국알앤에스, 비금속 광물제품 제조업
001230,동국제강,1차 철강 제조업
086450,동국제약,의약품 제조업
023450,동남합성,기초 화학물질 제조업
004140,동방,도로 화물 운송업
099410,동방선기,선박 및 보트 건조업
007590,동방아그로,"비료, 농약 및 살균, 살충제 제조업"
005960,동부건설,토목 건설업
281740,동부스팩5호,금융 지원 서비스업
016380,동부제철,1차 철강 제조업
083370,동북아12호선박투자,운송장비 임대업
083380,동북아13호선박투자,운송장비 임대업
026960,동서,음·식료품 및 담배 도매업
002210,동성제약,의약품 제조업
102260,동성코퍼레이션,회사 본부 및 경영 컨설팅 서비스업
033500,동성화인텍,기초 화학물질 제조업
005190,동성화학,기초 화학물질 제조업
025950,동신건설,토목 건설업
000640,동아쏘시오홀딩스, 금융업
170900,동아에스티,의약품 제조업
088130,동아엘텍,특수 목적용 기계 제조업
028100,동아지질,기반조성 및 시설물 축조관련 전문공사업
282690,동아타이어,고무제품 제조업
041930,동아화성,고무제품 제조업
001520,동양,"시멘트, 석회, 플라스터 및 그 제품 제조업"
084670,동양고속,육상 여객 운송업
030790,동양네트웍스,"컴퓨터 프로그래밍, 시스템 통합 및 관리업"
002900,동양물산기업,특수 목적용 기계 제조업
082640,동양생명,보험업
060380,동양에스텍,1차 철강 제조업
079960,동양이엔피,"전동기, 발전기 및 전기 변환 · 공급 · 제어 장치 제조업"
008970,동양철관,1차 철강 제조업
228340,동양파일,"시멘트, 석회, 플라스터 및 그 제품 제조업"
092780,동양피스톤,자동차용 엔진 및 자동차 제조업
104460,동양피엔에프,일반 목적용 기계 제조업
088910,동우팜투테이블,"도축, 육류 가공 및 저장 처리업"
094170,동운아나텍,반도체 제조업
049770,동원F&B, 식품 제조업
013120,동원개발,건물 건설업
018500,동원금속,자동차 신품 부품 제조업
006040,동원산업,어로 어업
030720,동원수산,어로 어업
014820,동원시스템즈,플라스틱제품 제조업
163560,동일고무벨트,고무제품 제조업
109860,동일금속,금속 주조업
032960,동일기연,전자부품 제조업
001530,동일방직,방적 및 가공사 제조업
004890,동일산업,1차 철강 제조업
002690,동일제강,1차 철강 제조업
023790,동일철강,1차 철강 제조업
005290,동진쎄미켐,기초 화학물질 제조업
025900,동화기업,나무제품 제조업
000020,동화약품,의약품 제조업
000150,두산,회사 본부 및 경영 컨설팅 서비스업
011160,두산건설,건물 건설업
241560,두산밥캣, 금융업
042670,두산인프라코어,특수 목적용 기계 제조업
034020,두산중공업,일반 목적용 기계 제조업
016740,두올,자동차 신품 부품 제조업
078590,두올산업,자동차 신품 부품 제조업
270020,두원석재,토사석 광업
073190,듀오백,가구 제조업
176750,듀켐바이오,의약품 제조업
030350,드래곤플라이,소프트웨어 개발 및 공급업
203650,드림시큐리티,소프트웨어 개발 및 공급업
192650,드림텍,전자부품 제조업
220110,드림티엔터테인먼트,"그외  전문, 과학 및 기술 서비스업"
217620,디딤,음식점업
187870,디바이스이엔지,특수 목적용 기계 제조업
066670,디스플레이텍,전자부품 제조업
024090,디씨엠,1차 철강 제조업
003160,디아이,"측정, 시험, 항해, 제어 및  정밀기기 제조업; 광학기기 제외"
092200,디아이씨,자동차 신품 부품 제조업
110990,디아이티,특수 목적용 기계 제조업
263690,디알젬,의료용 기기 제조업
214680,디알텍,의료용 기기 제조업
263720,디앤씨미디어,"서적, 잡지 및  인쇄물 출판업"
109740,디에스케이,특수 목적용 기계 제조업
033430,디에스티,특수 목적용 기계 제조업
090710,디에스티로봇,특수 목적용 기계 제조업
131030,디에이치피코리아,의약품 제조업
196490,디에이테크놀로지,특수 목적용 기계 제조업
066900,디에이피,전자부품 제조업
127120,디엔에이링크,자연과학 및 공학 연구개발업
092070,디엔에프, 화학제품 제조업
101000,디엠씨,특수 목적용 기계 제조업
134580,디엠티,통신 및 방송 장비 제조업
039840,디오,의료용 기기 제조업
013570,디와이, 금융업
210540,디와이파워,특수 목적용 기계 제조업
079810,디이엔티,특수 목적용 기계 제조업
227100,디자인,"전동기, 발전기 및 전기 변환 · 공급 · 제어 장치 제조업"
113810,디젠스,자동차 신품 부품 제조업
043360,디지아이,컴퓨터 및 주변장치 제조업
197140,디지캡,소프트웨어 개발 및 공급업
106520,디지탈옵틱,사진장비 및 광학기기 제조업
068930,디지털대성,일반 교습 학원
033130,디지틀조선,"자료처리, 호스팅, 포털 및  인터넷 정보매개 서비스업"
033310,디케이디앤아이, 금속 가공제품 제조업
105740,디케이락,일반 목적용 기계 제조업
263020,디케이앤디,플라스틱제품 제조업
290550,디케이티,전자부품 제조업
007340,디티알오토모티브,일차전지 및 축전지 제조업
187220,디티앤씨, 과학기술 서비스업
026890,디피씨,"전동기, 발전기 및 전기 변환 · 공급 · 제어 장치 제조업"
163430,디피코,"건축기술, 엔지니어링 및 관련 기술 서비스업"
131180,딜리,컴퓨터 및 주변장치 제조업
042510,라온시큐어,소프트웨어 개발 및 공급업
232680,라온테크,특수 목적용 기계 제조업
050120,라이브플렉스,생활용품 도매업
171120,라이온켐텍, 화학제품 제조업
069540,라이트론,통신 및 방송 장비 제조업
285770,라이프사이언스테크놀로지,소프트웨어 개발 및 공급업
115390,락앤락,플라스틱제품 제조업
200350,래몽래인,"영화, 비디오물, 방송프로그램 제작 및 배급업"
171010,램테크놀러지,기초 화학물질 제조업
084650,랩지노믹스,자연과학 및 공학 연구개발업
217500,러셀,특수 목적용 기계 제조업
092590,럭스피아,반도체 제조업
141080,레고켐바이오,자연과학 및 공학 연구개발업
060300,레드로버,"영화, 비디오물, 방송프로그램 제작 및 배급업"
038390,레드캡투어,여행사 및  여행보조 서비스업
228850,레이언스,의료용 기기 제조업
238120,로고스바이오,사진장비 및 광학기기 제조업
215100,로보로보, 전기장비 제조업
090360,로보스타,특수 목적용 기계 제조업
238500,로보쓰리,"그외  전문, 과학 및 기술 서비스업"
108490,로보티즈,특수 목적용 기계 제조업
900260,로스웰, 금융업
067730,로지시스,"컴퓨터 프로그래밍, 시스템 통합 및 관리업"
071280,로체시스템즈,"전동기, 발전기 및 전기 변환 · 공급 · 제어 장치 제조업"
032350,롯데관광개발,여행사 및  여행보조 서비스업
000400,롯데손해보험,보험업
023530,롯데쇼핑,종합 소매업
004000,롯데정밀화학,기초 화학물질 제조업
286940,롯데정보통신,"컴퓨터 프로그래밍, 시스템 통합 및 관리업"
280360,롯데제과, 식품 제조업
004990,롯데지주, 금융업
005300,롯데칠성음료,비알코올음료 및 얼음 제조업
011170,롯데케미칼,기초 화학물질 제조업
002270,롯데푸드,낙농제품 및 식용빙과류 제조업
071840,롯데하이마트,가전제품 및 정보통신장비 소매업
038060,루멘스,반도체 제조업
082800,루미마이크로,반도체 제조업
162120,루켄테크놀러지스, 전기장비 제조업
085370,루트로닉,의료용 기기 제조업
060240,룽투코리아,소프트웨어 개발 및 공급업
058470,리노공업,전자부품 제조업
039980,리노스,"섬유, 의복, 신발 및 가죽제품 소매업"
016100,리더스코스메틱, 화학제품 제조업
197210,리드,특수 목적용 기계 제조업
012700,리드코프, 전문 도매업
302550,리메드,의료용 기기 제조업
131100,리켐,기초 화학물질 제조업
277070,린드먼아시아,신탁업 및 집합투자업
042500,링네트,"컴퓨터 프로그래밍, 시스템 통합 및 관리업"
219420,링크제니시스,소프트웨어 개발 및 공급업
027740,마니커,"도축, 육류 가공 및 저장 처리업"
098120,마이크로컨텍솔,전자부품 제조업
227950,마이크로텍,특수 목적용 기계 제조업
147760,마이크로프랜드,"측정, 시험, 항해, 제어 및  정밀기기 제조업; 광학기기 제외"
035480,마제스타,유원지 및  오락관련 서비스업
038290,마크로젠,"그외  전문, 과학 및 기술 서비스업"
204320,만도,자동차 신품 부품 제조업
001080,만호제강,1차 철강 제조업
267980,매일유업,낙농제품 및 식용빙과류 제조업
005990,매일홀딩스, 금융업
127160,매직마이크로,전자부품 제조업
093520,매커스,기계장비 및 관련 물품 도매업
141070,맥스로텍,특수 목적용 기계 제조업
088980,맥쿼리인프라,신탁업 및 집합투자업
094800,맵스리얼티1,신탁업 및 집합투자업
100590,머큐리,통신 및 방송 장비 제조업
067280,멀티캠퍼스, 교육기관
072870,메가스터디,"서적, 잡지 및  인쇄물 출판업"
215200,메가스터디교육,일반 교습 학원
133750,메가엠디,일반 교습 학원
200580,메디쎄이,의료용 기기 제조업
041920,메디아나,의료용 기기 제조업
233250,메디안디노스틱,의료용품 및  의약 관련제품 제조업
236340,메디젠휴먼케어,자연과학 및 공학 연구개발업
086900,메디톡스,기초 의약물질 및 생물학적 제제 제조업
015540,메디파트너생명공학, 사업지원 서비스업
078160,메디포스트,기초 의약물질 및 생물학적 제제 제조업
065650,메디프론,기계장비 및 관련 물품 도매업
138040,메리츠금융지주, 금융업
008560,메리츠종금증권,금융 지원 서비스업
000060,메리츠화재,보험업
021880,메이슨캐피탈, 금융업
140410,메지온,자연과학 및 공학 연구개발업
241770,메카로, 화학제품 제조업
090370,메타랩스,봉제의복 제조업
059210,메타바이오메드,의료용품 및  의약 관련제품 제조업
058110,멕아이씨에스,의료용 기기 제조업
096640,멜파스,전자부품 제조업
017180,명문제약,의약품 제조업
257370,명성티엔에스,특수 목적용 기계 제조업
267060,명진홀딩스,수산물 가공 및 저장 처리업
012690,모나리자, 종이 및 판지 제품 제조업
005360,모나미,생활용품 도매업
149940,모다,통신 및 방송 장비 제조업
080420,모다이노칩,"섬유, 의복, 신발 및 가죽제품 소매업"
080160,모두투어,여행사 및  여행보조 서비스업
204210,모두투어리츠,부동산 임대 및 공급업
100030,모바일리더,소프트웨어 개발 및 공급업
087260,모바일어플라이언스,소프트웨어 개발 및 공급업
101330,모베이스,통신 및 방송 장비 제조업
250060,모비스,"컴퓨터 프로그래밍, 시스템 통합 및 관리업"
033200,모아텍,전자부품 제조업
009680,모토닉,자동차 신품 부품 제조업
118990,모트렉스,자동차 신품 부품 제조업
006920,모헨즈,"시멘트, 석회, 플라스터 및 그 제품 제조업"
009580,무림P&P,"펄프, 종이 및 판지 제조업"
001810,무림SP,"펄프, 종이 및 판지 제조업"
009200,무림페이퍼,"펄프, 종이 및 판지 제조업"
033920,무학,알코올음료 제조업
008420,문배철강,1차 철강 제조업
279600,미디어젠,소프트웨어 개발 및 공급업
028040,미래SCI, 비금속 광물제품 제조업
095500,미래나노텍,플라스틱제품 제조업
025560,미래산업,"측정, 시험, 항해, 제어 및  정밀기기 제조업; 광학기기 제외"
218150,미래생명자원,동물용 사료 및 조제식품 제조업
007120,미래아이앤지,"컴퓨터 프로그래밍, 시스템 통합 및 관리업"
006800,미래에셋대우,금융 지원 서비스업
265480,미래에셋대우스팩1호,금융 지원 서비스업
310200,미래에셋대우스팩2호,금융 지원 서비스업
100790,미래에셋벤처투자, 금융업
085620,미래에셋생명,보험업
239340,미래에셋제5호스팩,금융 지원 서비스업
049950,미래컴퍼니,특수 목적용 기계 제조업
213090,미래테크놀로지,소프트웨어 개발 및 공급업
207760,미스터블루, 정보 서비스업
225850,미애부,생활용품 도매업
002840,미원상사, 화학제품 제조업
268280,미원에스씨,기초 화학물질 제조업
107590,미원홀딩스, 금융업
134380,미원화학, 화학제품 제조업
003650,미창석유공업,석유 정제품 제조업
059090,미코,반도체 제조업
214610,미코바이오메드,의료용 기기 제조업
201490,미투온,소프트웨어 개발 및 공급업
214180,민앤지, 정보 서비스업
155900,바다로19호,운송장비 임대업
206640,바디텍메드,의료용품 및  의약 관련제품 제조업
018700,바른손,"영화, 비디오물, 방송프로그램 제작 및 배급업"
035620,바른손이앤에이,소프트웨어 개발 및 공급업
064520,바른전자,반도체 제조업
029480,바른테크놀로지,통신 및 방송 장비 제조업
053030,바이넥스,의약품 제조업
084990,바이로메드,자연과학 및 공학 연구개발업
064550,바이오니아,의료용품 및  의약 관련제품 제조업
208710,바이오로그디바이스,전자부품 제조업
142760,바이오리더스,자연과학 및 공학 연구개발업
065940,바이오빌,기초 화학물질 제조업
086820,바이오솔루션,기초 의약물질 및 생물학적 제제 제조업
038460,바이오스마트,전자부품 제조업
281310,바이오시네틱스,자연과학 및 공학 연구개발업
044480,바이오제네틱스,고무제품 제조업
216400,바이오코아,자연과학 및 공학 연구개발업
086040,바이오톡스텍,자연과학 및 공학 연구개발업
199290,바이오프로테크,의료용 기기 제조업
032980,바이온,음·식료품 및 담배 도매업
222160,바이옵트로,"측정, 시험, 항해, 제어 및  정밀기기 제조업; 광학기기 제외"
043150,바텍,의료용 기기 제조업
003610,방림,직물직조 및 직물제품 제조업
267790,배럴,봉제의복 제조업
001340,백광산업,기초 화학물질 제조업
014580,백광소재,"시멘트, 석회, 플라스터 및 그 제품 제조업"
046310,백금T&A,통신 및 방송 장비 제조업
035150,백산,플라스틱제품 제조업
036620,버추얼텍, 전문 도매업
066410,버킷스튜디오,"영화, 비디오물, 방송프로그램 제작 및 배급업"
002410,범양건영,건물 건설업
177350,베셀,특수 목적용 기계 제조업
299910,베스파,소프트웨어 개발 및 공급업
096300,베트남개발1,신탁업 및 집합투자업
007210,벽산, 비금속 광물제품 제조업
225530,보광산업, 비금속광물 광업
250000,보라티알,음·식료품 및 담배 도매업
002760,보락, 화학제품 제조업
014100,보령메디앙스, 화학제품 제조업
003850,보령제약,의약품 제조업
006910,보성파워텍,"구조용 금속제품, 탱크 및 증기발생기 제조업"
000890,보해양조,알코올음료 제조업
226340,본느, 화학제품 제조업
206950,볼빅,운동 및 경기용구 제조업
003000,부광약품,의약품 제조업
001270,부국증권,금융 지원 서비스업
026940,부국철강,1차 철강 제조업
014470,부방, 금융업
015350,부산도시가스,연료용 가스 제조 및 배관공급업
011390,부산산업,"시멘트, 석회, 플라스터 및 그 제품 제조업"
005030,부산주공,자동차 신품 부품 제조업
008470,부스타,"구조용 금속제품, 탱크 및 증기발생기 제조업"
100120,뷰웍스,의료용 기기 제조업
066980,브레인콘텐츠, 정보 서비스업
064480,브리지텍,소프트웨어 개발 및 공급업
251630,브이원텍,특수 목적용 기계 제조업
033560,블루콤,영상 및 음향기기 제조업
126340,비나텍,전자부품 제조업
121800,비덴트,통신 및 방송 장비 제조업
148140,비디아이,일반 목적용 기계 제조업
100220,비상교육,"서적, 잡지 및  인쇄물 출판업"
200780,비씨월드제약,의약품 제조업
141000,비아트론,특수 목적용 기계 제조업
090460,비에이치,전자부품 제조업
083650,비에이치아이,일반 목적용 기계 제조업
215050,비엔디생활건강, 화학제품 제조업
271780,비엔에프코퍼레이션,1차 비철금속 제조업
086670,비엠티,일반 목적용 기계 제조업
138580,비즈니스온,소프트웨어 개발 및 공급업
082920,비츠로셀,일차전지 및 축전지 제조업
054220,비츠로시스,"전동기, 발전기 및 전기 변환 · 공급 · 제어 장치 제조업"
042370,비츠로테크, 금융업
032850,비트컴퓨터,소프트웨어 개발 및 공급업
148780,비플라이소프트,소프트웨어 개발 및 공급업
238200,비피도, 식품 제조업
093190,빅솔론,컴퓨터 및 주변장치 제조업
065450,빅텍,"측정, 시험, 항해, 제어 및  정밀기기 제조업; 광학기기 제외"
210120,빅텐츠,"영화, 비디오물, 방송프로그램 제작 및 배급업"
005180,빙그레,낙농제품 및 식용빙과류 제조업
072950,빛샘전자,전자부품 제조업
143240,사람인에이치알,"자료처리, 호스팅, 포털 및  인터넷 정보매개 서비스업"
003960,사조대림,수산물 가공 및 저장 처리업
008040,사조동아원,"곡물가공품, 전분 및 전분제품 제조업"
007160,사조산업,어로 어업
014710,사조씨푸드,수산물 가공 및 저장 처리업
006090,사조오양,수산물 가공 및 저장 처리업
079660,사조해표, 식품 제조업
100090,삼강엠앤티,1차 철강 제조업
005090,삼광글라스,유리 및 유리제품 제조업
122350,삼기오토모티브,자동차 신품 부품 제조업
014970,삼륭물산,"골판지, 종이 상자 및 종이용기 제조업"
018310,삼목에스폼,"구조용 금속제품, 탱크 및 증기발생기 제조업"
053700,삼보모터스,자동차 신품 부품 제조업
009620,삼보산업,1차 비철금속 제조업
023600,삼보판지,"펄프, 종이 및 판지 제조업"
111870,삼본정밀전자,영상 및 음향기기 제조업
001470,삼부토건,토목 건설업
006400,삼성SDI,일차전지 및 축전지 제조업
006660,삼성공조,자동차 신품 부품 제조업
309930,삼성머스트스팩3호,금융 지원 서비스업
028260,삼성물산, 전문 도매업
207940,삼성바이오로직스,기초 의약물질 및 생물학적 제제 제조업
032830,삼성생명,보험업
291230,삼성스팩2호,금융 지원 서비스업
018260,삼성에스디에스,"컴퓨터 프로그래밍, 시스템 통합 및 관리업"
028050,삼성엔지니어링,"건축기술, 엔지니어링 및 관련 기술 서비스업"
009150,삼성전기,전자부품 제조업
005930,삼성전자,통신 및 방송 장비 제조업
001360,삼성제약,의약품 제조업
010140,삼성중공업,선박 및 보트 건조업
016360,삼성증권,금융 지원 서비스업
068290,삼성출판사,"서적, 잡지 및  인쇄물 출판업"
029780,삼성카드, 금융업
000810,삼성화재해상보험,보험업
006110,삼아알미늄,1차 비철금속 제조업
009300,삼아제약,의약품 제조업
145990,삼양사, 식품 제조업
003230,삼양식품, 식품 제조업
225190,삼양옵틱스,사진장비 및 광학기기 제조업
002170,삼양통상,"가죽, 가방 및 유사제품 제조업"
272550,삼양패키징,플라스틱제품 제조업
000070,삼양홀딩스, 금융업
002810,삼영무역, 전문 도매업
054540,삼영엠텍,"구조용 금속제품, 탱크 및 증기발생기 제조업"
065570,삼영이엔씨,통신 및 방송 장비 제조업
005680,삼영전자공업,전자부품 제조업
003720,삼영화학공업,플라스틱제품 제조업
082660,삼우엠스,통신 및 방송 장비 제조업
023000,삼원강재,자동차 신품 부품 제조업
073640,삼원테크, 금속 가공제품 제조업
004380,삼익THK,일반 목적용 기계 제조업
002450,삼익악기,악기 제조업
032280,삼일,도로 화물 운송업
002290,삼일기업공사,건물 건설업
000520,삼일제약,의약품 제조업
009770,삼정펄프,"펄프, 종이 및 판지 제조업"
037460,삼지전자,통신 및 방송 장비 제조업
032750,삼진,통신 및 방송 장비 제조업
054090,삼진엘앤디,그외  제품 제조업
005500,삼진제약,의약품 제조업
000250,삼천당제약,의약품 제조업
004690,삼천리,연료용 가스 제조 및 배관공급업
024950,삼천리자전거,생활용품 도매업
038500,삼표시멘트, 비금속 광물제품 제조업
017480,삼현철강,1차 철강 제조업
001880,삼호,건물 건설업
010960,삼호개발,기반조성 및 시설물 축조관련 전문공사업
046390,삼화네트웍스,"영화, 비디오물, 방송프로그램 제작 및 배급업"
004450,삼화왕관, 금속 가공제품 제조업
009470,삼화전기,전자부품 제조업
011230,삼화전자공업,영상 및 음향기기 제조업
001820,삼화콘덴서공업,전자부품 제조업
000390,삼화페인트공업, 화학제품 제조업
027580,상보,전자부품 제조업
038540,상상인,"컴퓨터 프로그래밍, 시스템 통합 및 관리업"
041650,상신브레이크,자동차 신품 부품 제조업
091580,상신이디피,일차전지 및 축전지 제조업
263810,상신전자,전자부품 제조업
089980,상아프론테크,플라스틱제품 제조업
042940,상지카일룸,전기 및 통신 공사업
042600,새로닉스,전자부품 제조업
075180,새론오토모티브,자동차 신품 부품 제조업
263540,샘코,"항공기,우주선 및 부품 제조업"
007540,샘표, 금융업
248170,샘표식품, 식품 제조업
038070,서린바이오, 전문 도매업
006730,서부T&D,상품 종합 도매업
079650,서산,"시멘트, 석회, 플라스터 및 그 제품 제조업"
100660,서암기계공업,일반 목적용 기계 제조업
007860,서연, 금융업
200880,서연이화,자동차 신품 부품 제조업
012860,서연전자,자동차 신품 부품 제조업
019770,서연탑메탈,특수 목적용 기계 제조업
017390,서울도시가스,연료용 가스 제조 및 배관공급업
043710,서울리거,광고업
046890,서울반도체,반도체 제조업
004410,서울식품공업, 식품 제조업
063170,서울옥션,상품 중개업
027040,서울전자통신,그외  제품 제조업
018680,서울제약,의약품 제조업
021050,서원,금속 주조업
093920,서원인텍,통신 및 방송 장비 제조업
189860,서전기전,"전동기, 발전기 및 전기 변환 · 공급 · 제어 장치 제조업"
178320,서진시스템,통신 및 방송 장비 제조업
122690,서진오토모티브,자동차 신품 부품 제조업
140070,서플러스글로벌,기계장비 및 관련 물품 도매업
011370,서한,건물 건설업
065710,서호전기,"전동기, 발전기 및 전기 변환 · 공급 · 제어 장치 제조업"
008490,서흥, 화학제품 제조업
035890,서희건설,건물 건설업
003100,선광, 운송관련 서비스업
123420,선데이토즈,소프트웨어 개발 및 공급업
007610,선도전기,"전동기, 발전기 및 전기 변환 · 공급 · 제어 장치 제조업"
067370,선바이오,의약품 제조업
171090,선익시스템,특수 목적용 기계 제조업
136490,선진,동물용 사료 및 조제식품 제조업
002820,선창산업,나무제품 제조업
014620,성광벤드,1차 철강 제조업
037350,성도이엔지,"건축기술, 엔지니어링 및 관련 기술 서비스업"
014910,성문전자,전자부품 제조업
003080,성보화학,"비료, 농약 및 살균, 살충제 제조업"
004980,성신양회,"시멘트, 석회, 플라스터 및 그 제품 제조업"
011300,성안,직물직조 및 직물제품 제조업
081580,성우전자,통신 및 방송 장비 제조업
045300,성우테크론,전자부품 제조업
015750,성우하이텍,자동차 신품 부품 제조업
000180,성창기업지주,회사 본부 및 경영 컨설팅 서비스업
080470,성창오토텍,자동차 신품 부품 제조업
043260,성호전자,전자부품 제조업
002420,세기상사,"영화, 비디오물, 방송프로그램 제작 및 배급업"
053060,세동,자동차 신품 부품 제조업
017510,세명전기, 금속 가공제품 제조업
214310,세미콘라이트,반도체 제조업
004360,세방,도로 화물 운송업
004490,세방전지,일차전지 및 축전지 제조업
011560,세보엠이씨,건물설비 설치 공사업
001430,세아베스틸,1차 철강 제조업
306200,세아제강,1차 철강 제조업
003030,세아제강지주, 금융업
019440,세아특수강,1차 철강 제조업
058650,세아홀딩스, 금융업
013000,세우글로벌, 전문 도매업
100700,세운메디칼,의료용품 및  의약 관련제품 제조업
234100,세원,자동차 신품 부품 제조업
024830,세원물산,자동차 신품 부품 제조업
091090,세원셀론텍,"구조용 금속제품, 탱크 및 증기발생기 제조업"
021820,세원정공,자동차 신품 부품 제조업
067830,세이브존I&C,종합 소매업
033530,세종공업,자동차 신품 부품 제조업
135270,세종머티리얼즈,1차 비철금속 제조업
258830,세종메디칼,의료용 기기 제조업
036630,세종텔레콤,전기 통신업
039310,세중,여행사 및  여행보조 서비스업
075580,세진중공업,선박 및 보트 건조업
067770,세진티에스,전자부품 제조업
053450,세코닉스,사진장비 및 광학기기 제조업
027970,세하,"펄프, 종이 및 판지 제조업"
145210,세화아이엠씨,특수 목적용 기계 제조업
252500,세화피앤씨, 화학제품 제조업
049180,셀루메드,기초 의약물질 및 생물학적 제제 제조업
299660,셀리드,자연과학 및 공학 연구개발업
268600,셀리버리,자연과학 및 공학 연구개발업
108860,셀바스AI,소프트웨어 개발 및 공급업
208370,셀바스헬스케어,의료용 기기 제조업
258250,셀젠텍,소프트웨어 개발 및 공급업
068270,셀트리온,기초 의약물질 및 생물학적 제제 제조업
068760,셀트리온제약,의약품 제조업
091990,셀트리온헬스케어, 전문 도매업
053110,소리바다,"자료처리, 호스팅, 포털 및  인터넷 정보매개 서비스업"
032680,소프트센,기계장비 및 관련 물품 도매업
210610,소프트캠프,소프트웨어 개발 및 공급업
066910,손오공,"인형,장난감 및 오락용품 제조업"
043100,솔고바이오,의료용 기기 제조업
154040,솔루에타,전자부품 제조업
035610,솔본,회사 본부 및 경영 컨설팅 서비스업
036830,솔브레인, 화학제품 제조업
230980,솔트웍스,소프트웨어 개발 및 공급업
004430,송원산업, 화학제품 제조업
086980,쇼박스,"영화, 비디오물, 방송프로그램 제작 및 배급업"
050960,수산아이앤티,소프트웨어 개발 및 공급업
017550,수산중공업,특수 목적용 기계 제조업
084180,수성,일반 목적용 기계 제조업
253840,수젠텍,의료용품 및  의약 관련제품 제조업
185190,수프로,산업용 농·축산물 및 동·식물 도매업
058530,슈펙스비앤피,생활용품 도매업
236200,슈프리마,통신 및 방송 장비 제조업
094840,슈프리마에이치큐, 금융업
192440,슈피겐코리아,그외  제품 제조업
099440,스맥,특수 목적용 기계 제조업
033790,스카이문스테크놀로지,통신 및 방송 장비 제조업
159910,스킨앤스킨, 화학제품 제조업
115570,스타플렉스,플라스틱제품 제조업
258540,스템랩,자연과학 및 공학 연구개발업
253450,스튜디오드래곤,"영화, 비디오물, 방송프로그램 제작 및 배급업"
008800,스튜디오썸머,"내화, 비내화 요업제품 제조업"
013810,스페코,특수 목적용 기계 제조업
049830,승일, 금속 가공제품 제조업
020710,시공테크,전문디자인업
033170,시그네틱스,반도체 제조업
260870,시그넷이브이,"전동기, 발전기 및 전기 변환 · 공급 · 제어 장치 제조업"
048870,시너지이노베이션,의료용 기기 제조업
025320,시노펙스,전자부품 제조업
134790,시디즈,가구 제조업
269620,시스웍,"측정, 시험, 항해, 제어 및  정밀기기 제조업; 광학기기 제외"
131090,시큐브,소프트웨어 개발 및 공급업
232830,시큐센,소프트웨어 개발 및 공급업
016590,신대양제지,"골판지, 종이 상자 및 종이용기 제조업"
029530,신도리코,컴퓨터 및 주변장치 제조업
004970,신라교역,어로 어업
001000,신라섬유,부동산 임대 및 공급업
025870,신라에스지,음·식료품 및 담배 도매업
215600,신라젠,자연과학 및 공학 연구개발업
065350,신성델타테크,가정용 기기 제조업
011930,신성이엔지,반도체 제조업
005390,신성통상, 전문 도매업
004170,신세계,종합 소매업
035510,신세계I&C,"컴퓨터 프로그래밍, 시스템 통합 및 관리업"
034300,신세계건설,건물 건설업
031430,신세계인터내셔날,"섬유, 의복, 신발 및 가죽제품 소매업"
031440,신세계푸드,음식점업
006880,신송홀딩스, 금융업
056000,신스타임즈,소프트웨어 개발 및 공급업
002800,신신제약,의약품 제조업
307180,신영스팩4호,금융 지원 서비스업
005800,신영와코루,봉제의복 제조업
001720,신영증권,금융 지원 서비스업
009270,신원,봉제의복 제조업
017000,신원종합개발,건물 건설업
002700,신일산업,기계장비 및 관련 물품 도매업
012790,신일제약,의약품 제조업
138070,신진에스엠, 금속 가공제품 제조업
019170,신풍제약,의약품 제조업
002870,신풍제지,"펄프, 종이 및 판지 제조업"
005450,신한,건물 건설업
293940,신한알파리츠,부동산 임대 및 공급업
257730,신한제3호스팩,금융 지원 서비스업
277480,신한제4호스팩,금융 지원 서비스업
055550,신한지주, 금융업
001770,신화실업,1차 철강 제조업
056700,신화인터텍,플라스틱제품 제조업
187270,신화콘텍,"전동기, 발전기 및 전기 변환 · 공급 · 제어 장치 제조업"
004080,신흥,기계장비 및 관련 물품 도매업
243840,신흥에스이씨,일차전지 및 축전지 제조업
108320,실리콘웍스,반도체 제조업
222800,심텍,전자부품 제조업
036710,심텍홀딩스, 금융업
160980,싸이맥스,특수 목적용 기계 제조업
217330,싸이토젠,자연과학 및 공학 연구개발업
102280,쌍방울,봉제의복 제조업
003410,쌍용양회공업,"시멘트, 석회, 플라스터 및 그 제품 제조업"
003620,쌍용자동차,자동차용 엔진 및 자동차 제조업
010280,쌍용정보통신,"컴퓨터 프로그래밍, 시스템 통합 및 관리업"
004770,써니전자,반도체 제조업
217320,썬테크,"전동기, 발전기 및 전기 변환 · 공급 · 제어 장치 제조업"
122800,썬텍,금속 주조업
208640,썸에이지,소프트웨어 개발 및 공급업
222420,쎄노텍, 비금속 광물제품 제조업
037760,쎄니트,1차 철강 제조업
136510,쎄미시스코,특수 목적용 기계 제조업
099320,쎄트렉아이,"항공기,우주선 및 부품 제조업"
049960,쎌바이오텍,기초 의약물질 및 생물학적 제제 제조업
050890,쏠리드,통신 및 방송 장비 제조업
066790,씨씨에스,텔레비전 방송업
222080,씨아이에스,특수 목적용 기계 제조업
004920,씨아이테크,그외  제품 제조업
236030,씨알푸드,"곡물가공품, 전분 및 전분제품 제조업"
103660,씨앗, 화학제품 제조업
245450,씨앤에스링크,통신 및 방송 장비 제조업
264660,씨앤지하이테크,특수 목적용 기계 제조업
112610,씨에스윈드,"구조용 금속제품, 탱크 및 증기발생기 제조업"
115530,씨엔플러스,전자부품 제조업
225330,씨엠에스에듀,일반 교습 학원
115480,씨유메디칼,의료용 기기 제조업
189330,씨이랩,"컴퓨터 프로그래밍, 시스템 통합 및 관리업"
096530,씨젠,의료용품 및  의약 관련제품 제조업
900120,씨케이에이치, 금융업
101240,씨큐브,기초 화학물질 제조업
047920,씨트리,자연과학 및 공학 연구개발업
189540,씨티네트웍스,통신 및 방송 장비 제조업
060590,씨티씨바이오,생활용품 도매업
036170,씨티젠,반도체 제조업
260930,씨티케이코스메틱스, 화학제품 제조업
013990,아가방컴퍼니,생활용품 도매업
123860,아나패스,반도체 제조업
025980,아난티,스포츠 서비스업
008700,아남전자,영상 및 음향기기 제조업
058220,아리온,통신 및 방송 장비 제조업
090430,아모레퍼시픽, 화학제품 제조업
002790,아모레퍼시픽그룹, 금융업
052710,아모텍,전자부품 제조업
074430,아미노로직스, 전문 도매업
092040,아미코젠, 식품 제조업
083930,아바코,특수 목적용 기계 제조업
149950,아바텍,전자부품 제조업
036010,아비코전자,전자부품 제조업
002030,아세아,회사 본부 및 경영 컨설팅 서비스업
183190,아세아시멘트,"시멘트, 석회, 플라스터 및 그 제품 제조업"
002310,아세아제지,"골판지, 종이 상자 및 종이용기 제조업"
050860,아세아텍,특수 목적용 기계 제조업
246720,아스타,의료용품 및  의약 관련제품 제조업
067390,아스트,"항공기,우주선 및 부품 제조업"
127710,아시아경제,"자료처리, 호스팅, 포털 및  인터넷 정보매개 서비스업"
267850,아시아나IDT,"컴퓨터 프로그래밍, 시스템 통합 및 관리업"
020560,아시아나항공,항공 여객 운송업
154030,아시아종묘,작물 재배업
227610,아우딘퓨쳐스, 화학제품 제조업
143160,아이디스,통신 및 방송 장비 제조업
054800,아이디스홀딩스, 전문 서비스업
060570,아이리버,영상 및 음향기기 제조업
122900,아이마켓코리아,상품 종합 도매업
099190,아이센스,의료용 기기 제조업
214430,아이쓰리시스템,전자부품 제조업
040910,아이씨디,특수 목적용 기계 제조업
068940,아이씨케이,전자부품 제조업
052860,아이앤씨,반도체 제조업
010780,아이에스동서,"내화, 비내화 요업제품 제조업"
069920,아이에스이커머스,무점포 소매업
038880,아이에이,전자부품 제조업
003560,아이에이치큐,"영화, 비디오물, 방송프로그램 제작 및 배급업"
122050,아이엘사이언스,전구 및 조명장치 제조업
101390,아이엠,전자부품 제조업
226350,아이엠텍,전자부품 제조업
078860,아이오케이,"영화, 비디오물, 방송프로그램 제작 및 배급업"
114810,아이원스,특수 목적용 기계 제조업
031310,아이즈비전,전기 통신업
185490,아이진,자연과학 및 공학 연구개발업
059100,아이컴포넌트,전자부품 제조업
149010,아이케이세미콘,반도체 제조업
175250,아이큐어,의약품 제조업
052460,아이크래프트,"컴퓨터 프로그래밍, 시스템 통합 및 관리업"
119830,아이텍반도체,"그외  전문, 과학 및 기술 서비스업"
124500,아이티센,"컴퓨터 프로그래밍, 시스템 통합 및 관리업"
223220,아이피몬스터,소프트웨어 개발 및 공급업
027360,아주IB투자, 금융업
033660,아주캐피탈, 금융업
032080,아즈텍WB,"섬유제품 염색, 정리 및 마무리 가공업"
013310,아진산업,자동차 신품 부품 제조업
059120,아진엑스텍,반도체 제조업
023890,아트라스BX,일차전지 및 축전지 제조업
101140,아티스,생활용품 도매업
067160,아프리카TV,소프트웨어 개발 및 공급업
001540,안국약품,의약품 제조업
053800,안랩,소프트웨어 개발 및 공급업
251280,안지오랩,자연과학 및 공학 연구개발업
065660,안트로젠,기초 의약물질 및 생물학적 제제 제조업
271400,알로이스,통신 및 방송 장비 제조업
001780,알루코,1차 비철금속 제조업
260660,알리코제약,의료용품 및  의약 관련제품 제조업
002250,알보젠코리아,의약품 제조업
131370,알서포트,소프트웨어 개발 및 공급업
140670,알에스오토메이션,전자부품 제조업
096610,알에프세미,반도체 제조업
061040,알에프텍,통신 및 방송 장비 제조업
148250,알엔투테크놀로지,전자부품 제조업
196170,알테오젠,자연과학 및 공학 연구개발업
123750,알톤스포츠,그외  운송장비 제조업
085810,알티캐스트,소프트웨어 개발 및 공급업
117670,알파홀딩스,반도체 제조업
267810,앙츠,컴퓨터 및 통신장비 수리업
018250,애경산업, 화학제품 제조업
161000,애경유화,기초 화학물질 제조업
196300,애니젠,기초 의약물질 및 생물학적 제제 제조업
205500,액션스퀘어,소프트웨어 개발 및 공급업
052790,액토즈소프트,소프트웨어 개발 및 공급업
131400,액트,전자부품 제조업
290740,액트로,특수 목적용 기계 제조업
238090,앤디포스,플라스틱제품 제조업
092600,앤씨앤,반도체 제조업
266170,앤유엔터테인먼트,"영화, 비디오물, 방송프로그램 제작 및 배급업"
174900,앱클론,의료용품 및  의약 관련제품 제조업
255440,야스,특수 목적용 기계 제조업
030960,양지사,인쇄 및 인쇄관련 산업
102120,어보브반도체,반도체 제조업
224810,엄지하우스,실내건축 및 건축마무리 공사업
041590,에너전트,전자부품 제조업
019990,에너토크,일반 목적용 기계 제조업
011090,에넥스,가구 제조업
208890,에듀파트너,교육지원 서비스업
041440,에버다임,특수 목적용 기계 제조업
270660,에브리봇,가정용 기기 제조업
038680,에스넷,"컴퓨터 프로그래밍, 시스템 통합 및 관리업"
217480,에스디생명공학, 화학제품 제조업
121890,에스디시스템,전자부품 제조업
030270,에스마크,방적 및 가공사 제조업
097780,에스맥,통신 및 방송 장비 제조업
073070,에스모,자동차 신품 부품 제조업
042110,에스씨디,가정용 기기 제조업
065420,에스아이리소스,석탄 광업
270210,에스알바이오텍, 화학제품 제조업
103230,에스앤더블류,일반 목적용 기계 제조업
260970,에스앤디, 식품 제조업
900080,에스앤씨엔진그룹, 금융업
101490,에스앤에스텍,전자부품 제조업
095910,에스에너지,"전동기, 발전기 및 전기 변환 · 공급 · 제어 장치 제조업"
275630,에스에스알,소프트웨어 개발 및 공급업
031330,에스에이엠티,기계장비 및 관련 물품 도매업
060540,에스에이티,"측정, 시험, 항해, 제어 및  정밀기기 제조업; 광학기기 제외"
158300,에스에이티이엔지,특수 목적용 기계 제조업
112240,에스에프씨,플라스틱제품 제조업
056190,에스에프에이,특수 목적용 기계 제조업
080000,에스엔유,특수 목적용 기계 제조업
160600,에스엔텍,특수 목적용 기계 제조업
263920,에스엔피월드,그외  제품 제조업
086460,에스엔피제네틱스,자연과학 및 공학 연구개발업
005850,에스엘,자동차 신품 부품 제조업
246250,에스엘에스바이오, 과학기술 서비스업
041510,에스엠,오디오물 출판 및 원판 녹음업
299670,에스엠비나,봉제의복 제조업
007820,에스엠코어,일반 목적용 기계 제조업
109610,에스와이패널,"구조용 금속제품, 탱크 및 증기발생기 제조업"
012750,에스원,"경비, 경호 및 탐정업"
123700,에스제이엠,자동차 신품 부품 제조업
025530,에스제이엠홀딩스, 금융업
080440,에스제이케이,자동차 신품 부품 제조업
217910,에스제이켐,기초 화학물질 제조업
224020,에스케이씨에스,플라스틱제품 제조업
096630,에스코넥,통신 및 방송 장비 제조업
069510,에스텍,영상 및 음향기기 제조업
041910,에스텍파마,의약품 제조업
234300,에스트래픽,"컴퓨터 프로그래밍, 시스템 통합 및 관리업"
039440,에스티아이,특수 목적용 기계 제조업
098660,에스티오,봉제의복 제조업
052020,에스티큐브,전자부품 제조업
237690,에스티팜,의약품 제조업
050760,에스폴리텍,플라스틱제품 제조업
288620,에스퓨얼셀,"전동기, 발전기 및 전기 변환 · 공급 · 제어 장치 제조업"
058610,에스피지,"전동기, 발전기 및 전기 변환 · 공급 · 제어 장치 제조업"
043340,에쎈테크,일반 목적용 기계 제조업
023960,에쓰씨엔지니어링,토목 건설업
298690,에어부산,항공 여객 운송업
054630,에이디칩스,그외  제품 제조업
200710,에이디테크놀로지,반도체 제조업
140910,에이리츠,부동산 임대 및 공급업
078520,에이블씨엔씨, 화학제품 제조업
298380,에이비엘바이오,기초 의약물질 및 생물학적 제제 제조업
203400,에이비온,자연과학 및 공학 연구개발업
003800,에이스침대,가구 제조업
088800,에이스테크,통신 및 방송 장비 제조업
138360,에이씨티, 화학제품 제조업
039230,에이아이비트,"측정, 시험, 항해, 제어 및  정밀기기 제조업; 광학기기 제외"
050320,에이앤티앤,기계장비 및 관련 물품 도매업
015260,에이엔피,전자부품 제조업
234070,에이원알폼,산업용 기계 및 장비 임대업
072990,에이치시티, 과학기술 서비스업
044990,에이치엔에스하이텍,전자부품 제조업
176440,에이치엔티,전자부품 제조업
028300,에이치엘비,선박 및 보트 건조업
067630,에이치엘비생명과학,"건축기술, 엔지니어링 및 관련 기술 서비스업"
043220,에이치엘비파워,상품 종합 도매업
239610,에이치엘사이언스, 식품 제조업
044780,에이치케이,특수 목적용 기계 제조업
033600,에이코넬,자동차 신품 부품 제조업
071670,에이테크솔루션,특수 목적용 기계 제조업
045660,에이텍,컴퓨터 및 주변장치 제조업
224110,에이텍티앤,통신 및 방송 장비 제조업
021080,에이티넘인베스트,신탁업 및 집합투자업
089530,에이티세미콘,반도체 제조업
182400,에이티젠,기초 의약물질 및 생물학적 제제 제조업
207490,에이펙스인텍,전구 및 조명장치 제조업
109960,에이프로젠 H&G,통신 및 방송 장비 제조업
007460,에이프로젠 KIC, 금속 가공제품 제조업
003060,에이프로젠제약,의약품 제조업
089970,에이피티씨,특수 목적용 기계 제조업
214870,에치디프로,통신 및 방송 장비 제조업
230240,에치에프알,통신 및 방송 장비 제조업
064510,에코마이스터,특수 목적용 기계 제조업
230360,에코마케팅,광고업
038870,에코바이오,사업시설 유지·관리 서비스업
128540,에코캡,자동차 신품 부품 제조업
086520,에코프로, 화학제품 제조업
247540,에코프로비엠,일차전지 및 축전지 제조업
038110,에코플라스틱,자동차 신품 부품 제조업
073540,에프알텍,통신 및 방송 장비 제조업
064850,에프앤가이드,금융 지원 서비스업
064090,에프앤리퍼블릭,상품 종합 도매업
036810,에프에스티,전자부품 제조업
173940,에프엔씨엔터,오디오물 출판 및 원판 녹음업
083500,에프엔에스테크,특수 목적용 기계 제조업
065160,에프티이앤이,화학섬유 제조업
054940,엑사이엔씨,실내건축 및 건축마무리 공사업
950130,엑세스바이오,의료용품 및  의약 관련제품 제조업
205100,엑셈,소프트웨어 개발 및 공급업
092870,엑시콘,특수 목적용 기계 제조업
067570,엔브이에이치코리아,자동차 신품 부품 제조업
140610,엔솔바이오사이언스,자연과학 및 공학 연구개발업
101400,엔시트론,반도체 제조업
036570,엔씨소프트,소프트웨어 개발 및 공급업
217820,엔에스,특수 목적용 기계 제조업
138250,엔에스쇼핑,무점포 소매업
031860,엔에스엔,상품 종합 도매업
224760,엔에스컴퍼니,토목 건설업
256630,엔에이치스팩10호,금융 지원 서비스업
256840,엔에이치스팩11호,금융 지원 서비스업
273060,엔에이치스팩12호,금융 지원 서비스업
310840,엔에이치스팩13호,금융 지원 서비스업
208860,엔지스테크널러지,소프트웨어 개발 및 공급업
183490,엔지켐생명과학,기초 의약물질 및 생물학적 제제 제조업
085310,엔케이,"구조용 금속제품, 탱크 및 증기발생기 제조업"
262760,엔케이맥스,의약품 제조업
009810,엔케이물산, 전문 도매업
206400,엔터메이트,소프트웨어 개발 및 공급업
069410,엔텔스,소프트웨어 개발 및 공급업
004250,엔피씨,플라스틱제품 제조업
048830,엔피케이,합성고무 및 플라스틱 물질 제조업
096870,엘디티,반도체 제조업
276240,엘리비젼,영상 및 음향기기 제조업
900140,엘브이엠씨, 금융업
061970,엘비세미콘,반도체 제조업
138690,엘아이에스,특수 목적용 기계 제조업
290650,엘앤씨바이오,의약품 제조업
066970,엘앤에프,일차전지 및 축전지 제조업
156100,엘앤케이바이오,의료용 기기 제조업
311060,엘에이티,특수 목적용 기계 제조업
073110,엘엠에스,사진장비 및 광학기기 제조업
083310,엘오티베큠,특수 목적용 기계 제조업
037950,엘컴텍,전자부품 제조업
170920,엘티씨,기초 화학물질 제조업
183350,엘피케이,특수 목적용 기계 제조업
058630,엠게임,소프트웨어 개발 및 공급업
058970,엠로,소프트웨어 개발 및 공급업
019590,엠벤처투자,신탁업 및 집합투자업
097520,엠씨넥스,영상 및 음향기기 제조업
179290,엠아이텍,의료용 기기 제조업
225860,엠앤씨생명과학, 화학제품 제조업
009780,엠에스씨, 식품 제조업
123040,엠에스오토텍,자동차 신품 부품 제조업
251960,엠에프엠코리아,편조의복 제조업
032790,엠젠플러스,기계장비 및 관련 물품 도매업
033160,엠케이전자,전자부품 제조업
204020,엠코르셋,봉제의복 제조업
259630,엠플러스,특수 목적용 기계 제조업
115960,연우,플라스틱제품 제조업
090740,연이정보통신,전자부품 제조업
014440,영보화학,플라스틱제품 제조업
007530,영신금속, 금속 가공제품 제조업
143540,영우디에스피,특수 목적용 기계 제조업
111770,영원무역,상품 종합 도매업
009970,영원무역홀딩스, 금융업
036180,영인프런티어,기계장비 및 관련 물품 도매업
003520,영진약품,의약품 제조업
000670,영풍,1차 비철금속 제조업
036560,영풍정밀,일반 목적용 기계 제조업
006740,영풍제지,"골판지, 종이 상자 및 종이용기 제조업"
242850,영현무역,상품 중개업
012280,영화금속,자동차 신품 부품 제조업
265560,영화테크,자동차 신품 부품 제조업
012160,영흥철강,1차 철강 제조업
036000,예림당,"서적, 잡지 및  인쇄물 출판업"
053280,예스24,무점포 소매업
015360,예스코홀딩스, 금융업
122640,예스티,특수 목적용 기계 제조업
179720,옐로페이,소프트웨어 개발 및 공급업
900300,오가닉티코스메틱, 금융업
045060,오공, 화학제품 제조업
080520,오디텍,반도체 제조업
007310,오뚜기, 식품 제조업
079440,오렌지라이프,보험업
039830,오로라,전문디자인업
046120,오르비텍, 과학기술 서비스업
014940,오리엔탈정공,선박 및 보트 건조업
002630,오리엔트바이오,의약품 제조업
065500,오리엔트정공,자동차 신품 부품 제조업
271560,오리온, 식품 제조업
001800,오리온홀딩스, 금융업
010470,오리콤,광고업
053980,오상자이엘,"컴퓨터 프로그래밍, 시스템 통합 및 관리업"
052420,오성첨단소재,플라스틱제품 제조업
241790,오션브릿지, 화학제품 제조업
039200,오스코텍,의약품 제조업
226400,오스테오닉,의료용 기기 제조업
031510,오스템,자동차 신품 부품 제조업
048260,오스템임플란트,의료용 기기 제조업
138080,오이솔루션,통신 및 방송 장비 제조업
080580,오킨스전자,전자부품 제조업
067170,오텍,자동차 재제조 부품 제조업
173130,오파스넷,"컴퓨터 프로그래밍, 시스템 통합 및 관리업"
049480,오픈베이스,"컴퓨터 프로그래밍, 시스템 통합 및 관리업"
226950,올릭스,자연과학 및 공학 연구개발업
057540,옴니시스템,"측정, 시험, 항해, 제어 및  정밀기기 제조업; 광학기기 제외"
057680,옴니텔,소프트웨어 개발 및 공급업
123010,옵토팩,전자부품 제조업
082210,옵트론텍,사진장비 및 광학기기 제조업
109080,옵티시스,통신 및 방송 장비 제조업
153710,옵티팜,의료용품 및  의약 관련제품 제조업
052770,와이디온라인,소프트웨어 개발 및 공급업
057030,와이비엠넷,교육지원 서비스업
122990,와이솔,전자부품 제조업
232140,와이아이케이,특수 목적용 기계 제조업
067900,와이엔텍,폐기물 처리업
155650,와이엠씨,전자부품 제조업
251370,와이엠티,기초 화학물질 제조업
066430,와이오엠, 전문 도매업
193250,와이제이엠게임즈,전자부품 제조업
019210,와이지-원, 금속 가공제품 제조업
122870,와이지엔터테인먼트,오디오물 출판 및 원판 녹음업
079000,와토스코리아,플라스틱제품 제조업
070960,용평리조트,일반 및 생활 숙박시설 운영업
114630,우노앤컴퍼니,화학섬유 제조업
316140,우리금융지주, 금융업
032820,우리기술,"전동기, 발전기 및 전기 변환 · 공급 · 제어 장치 제조업"
041190,우리기술투자, 금융업
115440,우리넷,통신 및 방송 장비 제조업
004720,우리들제약,의약품 제조업
118000,우리들휴브레인,기계장비 및 관련 물품 도매업
046970,우리로,통신 및 방송 장비 제조업
215360,우리산업,자동차 신품 부품 제조업
072470,우리산업홀딩스, 금융업
073560,우리손에프앤지,"도축, 육류 가공 및 저장 처리업"
153490,우리이앤엘,반도체 제조업
082850,우리이티아이,전구 및 조명장치 제조업
037400,우리조명,전구 및 조명장치 제조업
010050,우리종금, 금융업
101170,우림기계,일반 목적용 기계 제조업
006980,우성사료,"곡물가공품, 전분 및 전분제품 제조업"
066590,우수AMS,자동차 신품 부품 제조업
017370,우신시스템,특수 목적용 기계 제조업
046940,우원개발,기반조성 및 시설물 축조관련 전문공사업
215380,우정바이오,자연과학 및 공학 연구개발업
065680,우주일렉트로,전자부품 제조업
105840,우진,"측정, 시험, 항해, 제어 및  정밀기기 제조업; 광학기기 제외"
018620,우진비앤지,의약품 제조업
010400,우진아이엔에스,건물설비 설치 공사업
049800,우진플라임,특수 목적용 기계 제조업
016880,웅진, 금융업
095720,웅진씽크빅,초등 교육기관
103130,웅진에너지,반도체 제조업
005820,원림,편조원단 제조업
032940,원익,기계장비 및 관련 물품 도매업
240810,원익IPS,특수 목적용 기계 제조업
074600,원익QnC,유리 및 유리제품 제조업
104830,원익머트리얼즈,기초 화학물질 제조업
014190,원익큐브, 전문 도매업
030530,원익홀딩스, 금융업
012620,원일특강,1차 철강 제조업
216280,원텍,의료용 기기 제조업
008370,원풍,플라스틱제품 제조업
008290,원풍물산,봉제의복 제조업
101160,월덱스,전자부품 제조업
095270,웨이브일렉트로,통신 및 방송 장비 제조업
010600,웰바이오텍,상품 중개업
065950,웰크론,직물직조 및 직물제품 제조업
114190,웰크론강원,"구조용 금속제품, 탱크 및 증기발생기 제조업"
076080,웰크론한텍,건물 건설업
196700,웹스,합성고무 및 플라스틱 물질 제조업
069080,웹젠,소프트웨어 개발 및 공급업
053580,웹케시,소프트웨어 개발 및 공급업
044340,위닉스,가정용 기기 제조업
112040,위메이드,소프트웨어 개발 및 공급업
065370,위세아이텍,소프트웨어 개발 및 공급업
140660,위월드,통신 및 방송 장비 제조업
038620,위즈코프,연료 소매업
299900,위지윅스튜디오,"영화, 비디오물, 방송프로그램 제작 및 배급업"
036090,위지트,특수 목적용 기계 제조업
136540,윈스,"컴퓨터 프로그래밍, 시스템 통합 및 관리업"
097800,윈팩,반도체 제조업
192390,윈하이텍,"구조용 금속제품, 탱크 및 증기발생기 제조업"
008600,윌비스,생활용품 도매업
900340,윙입푸드, 금융업
033270,유나이티드,의약품 제조업
014830,유니드,기초 화학물질 제조업
036200,유니셈,특수 목적용 기계 제조업
018000,유니슨,일반 목적용 기계 제조업
000910,유니온,"시멘트, 석회, 플라스터 및 그 제품 제조업"
047400,유니온머티리얼,"내화, 비내화 요업제품 제조업"
203450,유니온커뮤니티,통신 및 방송 장비 제조업
011330,유니켐,"가죽, 가방 및 유사제품 제조업"
077500,유니퀘스트,기계장비 및 관련 물품 도매업
011320,유니크,자동차 신품 부품 제조업
086390,유니테스트,특수 목적용 기계 제조업
241690,유니테크노,자동차 신품 부품 제조업
142210,유니트론텍,자동차 부품 및 내장품 판매업
121060,유니포인트,"컴퓨터 프로그래밍, 시스템 통합 및 관리업"
048430,유라테크,"전동기, 발전기 및 전기 변환 · 공급 · 제어 장치 제조업"
206650,유바이오로직스,자연과학 및 공학 연구개발업
089850,유비벨록스,소프트웨어 개발 및 공급업
084440,유비온, 정보 서비스업
032620,유비케어,소프트웨어 개발 및 공급업
264450,유비쿼스,통신 및 방송 장비 제조업
078070,유비쿼스홀딩스, 금융업
002920,유성기업,자동차 신품 부품 제조업
024800,유성티엔에스,육상 여객 운송업
000700,유수홀딩스,회사 본부 및 경영 컨설팅 서비스업
054930,유신,"건축기술, 엔지니어링 및 관련 기술 서비스업"
252370,유쎌, 화학제품 제조업
069330,유아이디,전자부품 제조업
049520,유아이엘,전자부품 제조업
287410,유안타제3호스팩,금융 지원 서비스업
003470,유안타증권,금융 지원 서비스업
056090,유앤아이,의료용 기기 제조업
011690,유양디앤유,반도체 제조업
263770,유에스티,1차 철강 제조업
072130,유엔젤,"자료처리, 호스팅, 포털 및  인터넷 정보매개 서비스업"
000220,유유제약,의약품 제조업
195990,유지인트,특수 목적용 기계 제조업
023410,유진기업,"시멘트, 석회, 플라스터 및 그 제품 제조업"
056080,유진로봇,특수 목적용 기계 제조업
001200,유진증권,금융 지원 서비스업
084370,유진테크,특수 목적용 기계 제조업
178780,유테크,전자부품 제조업
221800,유투바이오, 과학기술 서비스업
179900,유티아이,전자부품 제조업
263050,유틸렉스,기초 의약물질 및 생물학적 제제 제조업
000100,유한양행,의약품 제조업
003460,유화증권,금융 지원 서비스업
191410,육일씨엔에쓰,전자부품 제조업
008730,율촌화학,플라스틱제품 제조업
008250,이건산업,나무제품 제조업
039020,이건홀딩스, 금융업
025820,이구산업,1차 비철금속 제조업
060230,이그잭스,전자부품 제조업
067920,이글루시큐리티,소프트웨어 개발 및 공급업
044960,이글벳, 전문 도매업
302430,이노메트리,특수 목적용 기계 제조업
214320,이노션,광고업
073490,이노와이어리스,통신 및 방송 장비 제조업
215790,이노인스트루먼트,통신 및 방송 장비 제조업
246960,이노테라피,자연과학 및 공학 연구개발업
088390,이녹스, 금융업
272290,이녹스첨단소재,전자부품 제조업
053350,이니텍,소프트웨어 개발 및 공급업
258610,이더블유케이,"구조용 금속제품, 탱크 및 증기발생기 제조업"
033110,이디,"측정, 시험, 항해, 제어 및  정밀기기 제조업; 광학기기 제외"
041520,이라이콤,상품 중개업
054210,이랜텍,전자부품 제조업
065440,이루온,소프트웨어 개발 및 공급업
088260,이리츠코크렙,부동산 임대 및 공급업
139480,이마트,종합 소매업
036260,이매진아시아,"영화, 비디오물, 방송프로그램 제작 및 배급업"
115610,이미지스,반도체 제조업
078020,이베스트투자증권,금융 지원 서비스업
208850,이비테크, 전기장비 제조업
080010,이상네트웍스,상품 중개업
086890,이수앱지스,의료용품 및  의약 관련제품 제조업
007660,이수페타시스,전자부품 제조업
005950,이수화학,기초 화학물질 제조업
015020,이스타코,부동산 임대 및 공급업
047560,이스트소프트,소프트웨어 개발 및 공급업
900110,이스트아시아홀딩스, 금융업
067010,이씨에스,"컴퓨터 프로그래밍, 시스템 통합 및 관리업"
093230,이아이디, 전문 도매업
223310,이에스브이,소프트웨어 개발 및 공급업
241510,이에스산업,일반 목적용 기계 제조업
052190,이에스에이,창작 및 예술관련 서비스업
226360,이엑스티,토목 건설업
101360,이엔드디, 화학제품 제조업
102710,이엔에프테크놀로지, 화학제품 제조업
094190,이엘케이,전자부품 제조업
063760,이엘피,"측정, 시험, 항해, 제어 및  정밀기기 제조업; 광학기기 제외"
123570,이엠넷,광고업
095190,이엠코리아,특수 목적용 기계 제조업
091120,이엠텍,전자부품 제조업
232530,이엠티,일차전지 및 축전지 제조업
102460,이연제약,의약품 제조업
039030,이오테크닉스,특수 목적용 기계 제조업
088290,이원컴포텍,자동차 신품 부품 제조업
084680,이월드,유원지 및  오락관련 서비스업
181340,이즈미디어,"측정, 시험, 항해, 제어 및  정밀기기 제조업; 광학기기 제외"
035810,이지바이오,동물용 사료 및 조제식품 제조업
090850,이지웰페어,소프트웨어 개발 및 공급업
092130,이크레더블, 정보 서비스업
016250,이테크건설,건물 건설업
096040,이트론,컴퓨터 및 주변장치 제조업
134060,이퓨쳐,"서적, 잡지 및  인쇄물 출판업"
001840,이화공영,건물 건설업
000760,이화산업, 전문 도매업
024810,이화전기,"전동기, 발전기 및 전기 변환 · 공급 · 제어 장치 제조업"
014990,인디에프,봉제의복 제조업
041830,인바디,의료용 기기 제조업
079950,인베니아,특수 목적용 기계 제조업
277410,인산가, 식품 제조업
060150,인선이엔티,폐기물 처리업
033230,인성정보,"컴퓨터 프로그래밍, 시스템 통합 및 관리업"
006490,인스코비,전기 통신업
037330,인지디스플레,전자부품 제조업
023800,인지컨트롤스,자동차 신품 부품 제조업
034590,인천도시가스,연료용 가스 제조 및 배관공급업
211050,인카금융서비스,보험 및 연금관련 서비스업
083640,인콘,통신 및 방송 장비 제조업
216050,인크로스,광고업
049070,인탑스,통신 및 방송 장비 제조업
119610,인터로조,사진장비 및 광학기기 제조업
158310,인터불스,특수 목적용 기계 제조업
017250,인터엠,영상 및 음향기기 제조업
129260,인터지스,도로 화물 운송업
240340,인터코스, 화학제품 제조업
108790,인터파크,무점포 소매업
035080,인터파크홀딩스, 금융업
051370,인터플렉스,전자부품 제조업
064290,인텍플러스,특수 목적용 기계 제조업
189300,인텔리안테크,통신 및 방송 장비 제조업
150840,인트로메딕,의료용 기기 제조업
048530,인트론바이오,기초 의약물질 및 생물학적 제제 제조업
023810,인팩,자동차 신품 부품 제조업
175140,인포마크,통신 및 방송 장비 제조업
115310,인포바인,전기 통신업
039290,인포뱅크, 정보 서비스업
041020,인프라웨어,소프트웨어 개발 및 공급업
247300,인프라웨어테크놀러지,소프트웨어 개발 및 공급업
071200,인피니트헬스케어,소프트웨어 개발 및 공급업
101930,인화정공,선박 및 보트 건조업
249420,일동제약,의약품 제조업
000230,일동홀딩스, 금융업
013360,일성건설,토목 건설업
003120,일성신약,의약품 제조업
068330,일신바이오,일반 목적용 기계 제조업
003200,일신방직,방적 및 가공사 제조업
007110,일신석재,"건축자재, 철물 및 난방장치 도매업"
058450,일야,통신 및 방송 장비 제조업
007570,일양약품,의약품 제조업
008500,일정실업,편조원단 제조업
019540,일지테크,자동차 신품 부품 제조업
081000,일진다이아, 화학제품 제조업
020760,일진디스플,반도체 제조업
020150,일진머티리얼즈,전자부품 제조업
103590,일진전기,절연선 및 케이블 제조업
094820,일진파워,전기 및 통신 공사업
015860,일진홀딩스, 금융업
226320,잇츠한불, 화학제품 제조업
950140,잉글우드랩, 화학제품 제조업
049550,잉크테크, 화학제품 제조업
230400,자비스,의료용 기기 제조업
043910,자연과환경,환경 정화 및 복원업
234920,자이글,가정용 기기 제조업
033240,자화전자,전자부품 제조업
174880,장원테크,통신 및 방송 장비 제조업
049630,재영솔루텍,사진장비 및 광학기기 제조업
000950,전방,방적 및 가공사 제조업
120780,전우정밀,자동차 신품 부품 제조업
110020,전진바이오팜, 화학제품 제조업
065530,전파기지국,전기 통신업
208140,정다운,"도축, 육류 가공 및 저장 처리업"
022220,정산애강,플라스틱제품 제조업
040420,정상제이엘에스,일반 교습 학원
045510,정원엔시스,"컴퓨터 프로그래밍, 시스템 통합 및 관리업"
065620,제낙스,1차 철강 제조업
217190,제너셈,특수 목적용 기계 제조업
095700,제넥신,자연과학 및 공학 연구개발업
072520,제넨바이오,전자부품 제조업
122310,제노레이,의료용 기기 제조업
066830,제노텍, 화학제품 제조업
187420,제노포커스,기초 의약물질 및 생물학적 제제 제조업
225220,제놀루션,의약품 제조업
123330,제닉, 화학제품 제조업
159580,제로투세븐,생활용품 도매업
147830,제룡산업,"구조용 금속제품, 탱크 및 증기발생기 제조업"
033100,제룡전기,"전동기, 발전기 및 전기 변환 · 공급 · 제어 장치 제조업"
019570,제미니투자,신탁업 및 집합투자업
079370,제우스,특수 목적용 기계 제조업
054950,제이브이엠,일반 목적용 기계 제조업
096690,제이스테판,컴퓨터 및 주변장치 제조업
090470,제이스텍,특수 목적용 기계 제조업
137950,제이씨케미칼, 화학제품 제조업
033320,제이씨현시스템,기계장비 및 관련 물품 도매업
194370,제이에스코퍼레이션,"가죽, 가방 및 유사제품 제조업"
026040,제이에스티나,귀금속 및 장신용품 제조업
126880,제이엔케이히터,일반 목적용 기계 제조업
033050,제이엠아이,기록매체 복제업
094970,제이엠티,전자부품 제조업
058420,제이웨이,"영화, 비디오물, 방송프로그램 제작 및 배급업"
025620,제이준코스메틱, 화학제품 제조업
036420,제이콘텐트리, 금융업
089790,제이티,특수 목적용 기계 제조업
030000,제일기획,광고업
052670,제일바이오,의약품 제조업
271980,제일약품,의약품 제조업
001560,제일연마, 비금속 광물제품 제조업
023440,제일제강,1차 철강 제조업
038010,제일테크노스,"구조용 금속제품, 탱크 및 증기발생기 제조업"
002620,제일파마홀딩스,회사 본부 및 경영 컨설팅 서비스업
080220,제주반도체,반도체 제조업
006220,제주은행,은행 및 저축기관
089590,제주항공,항공 여객 운송업
229000,젠큐릭스,의료용 기기 제조업
082270,젬백스,특수 목적용 기계 제조업
044060,조광ILI,일반 목적용 기계 제조업
004910,조광페인트, 화학제품 제조업
004700,조광피혁,"가죽, 가방 및 유사제품 제조업"
001550,조비,"비료, 농약 및 살균, 살충제 제조업"
000480,조선내화,"내화, 비내화 요업제품 제조업"
120030,조선선재, 금속 가공제품 제조업
034940,조아제약,의약품 제조업
101730,조이맥스,소프트웨어 개발 및 공급업
067000,조이시티,소프트웨어 개발 및 공급업
018470,조일알미늄,1차 비철금속 제조업
002600,조흥, 식품 제조업
185750,종근당,의약품 제조업
063160,종근당바이오,의약품 제조업
001630,종근당홀딩스, 금융업
033340,좋은사람들,봉제의복 제조업
221670,주노콜렉션,"가죽, 가방 및 유사제품 제조업"
036930,주성엔지니어링,특수 목적용 기계 제조업
044380,주연테크,컴퓨터 및 주변장치 제조업
229480,줌인터넷,"자료처리, 호스팅, 포털 및  인터넷 정보매개 서비스업"
051980,중앙리빙테크,플라스틱제품 제조업
072020,중앙백신,기초 의약물질 및 생물학적 제제 제조업
000440,중앙에너비스, 전문 도매업
054180,중앙오션,선박 및 보트 건조업
228760,지노믹트리,자연과학 및 공학 연구개발업
314130,지놈앤컴퍼니,기초 의약물질 및 생물학적 제제 제조업
043610,지니뮤직,"자료처리, 호스팅, 포털 및  인터넷 정보매개 서비스업"
263860,지니언스,소프트웨어 개발 및 공급업
208350,지란지교시큐리티,소프트웨어 개발 및 공급업
114570,지스마트글로벌,반도체 제조업
299480,지앤이헬스케어, 섬유제품 제조업
051160,지어소프트,소프트웨어 개발 및 공급업
053050,지에스이,연료용 가스 제조 및 배관공급업
119850,지엔씨에너지,"전동기, 발전기 및 전기 변환 · 공급 · 제어 장치 제조업"
065060,지엔코,봉제의복 제조업
204840,지엘팜텍,자연과학 및 공학 연구개발업
013870,지엠비코리아,자동차 신품 부품 제조업
018290,지엠피,컴퓨터 및 주변장치 제조업
071320,지역난방공사,"증기, 냉·온수 및 공기조절 공급업"
135160,지오씨,절연선 및 케이블 제조업
111820,지와이커머스, 정보 서비스업
010580,지코,자동차 신품 부품 제조업
035000,지투알,회사 본부 및 경영 컨설팅 서비스업
106080,지투하이소닉,전자부품 제조업
115450,지트리비앤티,전자부품 제조업
219750,지티지웰니스,의료용 기기 제조업
088790,진도, 전문 도매업
018120,진로발효,알코올음료 제조업
109820,진매트릭스,자연과학 및 공학 연구개발업
086060,진바이오텍,동물용 사료 및 조제식품 제조업
036890,진성티이씨,특수 목적용 기계 제조업
003780,진양산업,플라스틱제품 제조업
007370,진양제약,의약품 제조업
010640,진양폴리우레탄,기초 화학물질 제조업
100250,진양홀딩스, 금융업
051630,진양화학,플라스틱제품 제조업
272450,진에어,항공 여객 운송업
011000,진원생명과학,의약품 제조업
002780,진흥기업,토목 건설업
233990,질경이, 화학제품 제조업
085660,차바이오텍,기초 의약물질 및 생물학적 제제 제조업
900040,차이나그레이트, 금융업
009310,참엔지니어링,특수 목적용 기계 제조업
094850,참좋은여행,여행사 및  여행보조 서비스업
004650,창해에탄올,알코올음료 제조업
278280,천보,기초 화학물질 제조업
000650,천일고속,육상 여객 운송업
140290,청광종건,토목 건설업
096240,청담러닝,일반 교습 학원
013720,청보산업,자동차 신품 부품 제조업
012600,청호컴넷,일반 목적용 기계 제조업
066360,체리부로,"도축, 육류 가공 및 저장 처리업"
033250,체시스,자동차 신품 부품 제조업
047820,초록뱀,"영화, 비디오물, 방송프로그램 제작 및 배급업"
094360,칩스앤미디어,소프트웨어 개발 및 공급업
016920,카스,기계장비 및 관련 물품 도매업
220250,카이노스메드,자연과학 및 공학 연구개발업
035720,카카오,"자료처리, 호스팅, 포털 및  인터넷 정보매개 서비스업"
042000,카페24,"자료처리, 호스팅, 포털 및  인터넷 정보매개 서비스업"
006380,카프로,기초 화학물질 제조업
071850,캐스텍코리아,자동차 신품 부품 제조업
180400,캔서롭, 과학기술 서비스업
050110,캠시스,전자부품 제조업
109070,컨버즈,"골판지, 종이 상자 및 종이용기 제조업"
900310,컬러레이,회사 본부 및 경영 컨설팅 서비스업
078340,컴투스,소프트웨어 개발 및 공급업
205290,케미메디,자연과학 및 공학 연구개발업
263700,케어랩스,소프트웨어 개발 및 공급업
214370,케어젠,기초 의약물질 및 생물학적 제제 제조업
221980,케이디켐, 화학제품 제조업
043290,케이맥,특수 목적용 기계 제조업
250930,케이비제10호스팩,금융 지원 서비스업
258790,케이비제11호스팩,금융 지원 서비스업
192250,케이사인,소프트웨어 개발 및 공급업
029460,케이씨,"측정, 시험, 항해, 제어 및  정밀기기 제조업; 광학기기 제외"
002380,케이씨씨, 화학제품 제조업
115500,케이씨에스,"컴퓨터 프로그래밍, 시스템 통합 및 관리업"
281820,케이씨텍,"측정, 시험, 항해, 제어 및  정밀기기 제조업; 광학기기 제외"
089150,케이씨티,"컴퓨터 프로그래밍, 시스템 통합 및 관리업"
009070,케이씨티시,도로 화물 운송업
025880,케이씨피드,동물용 사료 및 조제식품 제조업
093320,케이아이엔엑스,"자료처리, 호스팅, 포털 및  인터넷 정보매개 서비스업"
073010,케이에스피,일반 목적용 기계 제조업
105330,케이엔더블유,전자부품 제조업
039420,케이엘넷,전기 통신업
083550,케이엠, 섬유제품 제조업
032500,케이엠더블유,통신 및 방송 장비 제조업
225430,케이엠제약, 화학제품 제조업
145270,케이탑리츠,부동산 임대 및 공급업
030200,케이티,전기 통신업
058860,케이티스, 정보 서비스업
053210,케이티스카이라이프,텔레비전 방송업
033780,케이티앤지,담배 제조업
064820,케이프,선박 및 보트 건조업
256940,케이피에스,특수 목적용 기계 제조업
024880,케이피에프, 금속 가공제품 제조업
042040,케이피엠테크, 화학제품 제조업
054410,케이피티유, 금속 가공제품 제조업
217600,켐온,자연과학 및 공학 연구개발업
089010,켐트로닉스, 화학제품 제조업
220260,켐트로스, 화학제품 제조업
052400,코나아이,소프트웨어 개발 및 공급업
094860,코닉글로리,소프트웨어 개발 및 공급업
046070,코다코,자동차 신품 부품 제조업
047770,코데즈컴바인,봉제의복 제조업
078940,코드네이처,전기 및 통신 공사업
080530,코디, 화학제품 제조업
224060,코디엠,특수 목적용 기계 제조업
078650,코렌,사진장비 및 광학기기 제조업
104540,코렌텍,의료용 기기 제조업
027050,코리아나, 화학제품 제조업
007810,코리아써키트,전자부품 제조업
101670,코리아에스이,"구조용 금속제품, 탱크 및 증기발생기 제조업"
123410,코리아에프티,자동차 신품 부품 제조업
152330,코리아오토글라스,유리 및 유리제품 제조업
003690,코리안리,재 보험업
036690,코맥스,통신 및 방송 장비 제조업
049430,코메론,"측정, 시험, 항해, 제어 및  정밀기기 제조업; 광학기기 제외"
183300,코미코,특수 목적용 기계 제조업
041960,코미팜,의약품 제조업
089890,코세스,특수 목적용 기계 제조업
009730,코센,1차 철강 제조업
189350,코셋,통신 및 방송 장비 제조업
192820,코스맥스, 화학제품 제조업
044820,코스맥스비티아이, 금융업
241710,코스메카코리아, 화학제품 제조업
005070,코스모신소재, 화학제품 제조업
005420,코스모화학, 화학제품 제조업
069110,코스온, 화학제품 제조업
071950,코아스,가구 제조업
166480,코아스템,의약품 제조업
045970,코아시아,"그외  전문, 과학 및 기술 서비스업"
029960,코엔텍,폐기물 처리업
002020,코오롱, 금융업
003070,코오롱글로벌,토목 건설업
144620,코오롱머티리얼,화학섬유 제조업
102940,코오롱생명과학,기초 의약물질 및 생물학적 제제 제조업
120110,코오롱인더,화학섬유 제조업
950160,코오롱티슈진,기초 의약물질 및 생물학적 제제 제조업
138490,코오롱플라스틱,합성고무 및 플라스틱 물질 제조업
021240,코웨이,그외  개인 서비스업
033290,코웰패션,의복 액세서리 제조업
056360,코위버,통신 및 방송 장비 제조업
121850,코이즈,플라스틱제품 제조업
015710,코콤,통신 및 방송 장비 제조업
052330,코텍,영상 및 음향기기 제조업
126600,코프라,합성고무 및 플라스틱 물질 제조업
200130,콜마비앤에이치,기초 의약물질 및 생물학적 제제 제조업
031820,콤텍시스템,"컴퓨터 프로그래밍, 시스템 통합 및 관리업"
225650,쿠첸,가정용 기기 제조업
192400,쿠쿠홀딩스, 금융업
284740,쿠쿠홈시스,개인 및 가정용품 임대업
060280,큐렉소, 상품 전문 소매업
015590,큐로,일반 목적용 기계 제조업
040350,큐로컴,"컴퓨터 프로그래밍, 시스템 통합 및 관리업"
051780,큐로홀딩스,음·식료품 및 담배 도매업
115180,큐리언트,자연과학 및 공학 연구개발업
182360,큐브엔터,오디오물 출판 및 원판 녹음업
066310,큐에스아이,반도체 제조업
136660,큐엠씨,특수 목적용 기계 제조업
016600,큐캐피탈, 금융업
264900,크라운제과, 식품 제조업
005740,크라운해태홀딩스, 금융업
215570,크로넥스,자연과학 및 공학 연구개발업
043590,크로바하이텍,반도체 제조업
114120,크루셜텍,전자부품 제조업
110790,크리스에프앤씨,봉제의복 제조업
083790,크리스탈,자연과학 및 공학 연구개발업
900250,크리스탈신소재, 금융업
045520,크린앤사이언스,"펄프, 종이 및 판지 제조업"
214150,클래시스,의료용 기기 제조업
237880,클리오, 화학제품 제조업
020120,키다리스튜디오,"자료처리, 호스팅, 포털 및  인터넷 정보매개 서비스업"
311270,키움제5호스팩,금융 지원 서비스업
039490,키움증권,금융 지원 서비스업
012170,키위미디어그룹, 전문 도매업
054780,키이스트,"영화, 비디오물, 방송프로그램 제작 및 배급업"
219130,타이거일렉,전자부품 제조업
180060,탑선, 전기장비 제조업
065130,탑엔지니어링,특수 목적용 기계 제조업
015890,태경산업,기초 화학물질 제조업
006890,태경화학,기초 화학물질 제조업
023160,태광,1차 철강 제조업
003240,태광산업,화학섬유 제조업
011280,태림포장,"골판지, 종이 상자 및 종이용기 제조업"
053620,태양, 금속 가공제품 제조업
004100,태양금속공업,자동차 신품 부품 제조업
116100,태양기계,자동차 신품 부품 제조업
009410,태영건설,토목 건설업
044490,태웅, 금속 가공제품 제조업
001420,태원물산,자동차 신품 부품 제조업
007980,태평양물산,봉제의복 제조업
191420,테고사이언스,기초 의약물질 및 생물학적 제제 제조업
182690,테라셈,반도체 제조업
066700,테라젠이텍스,의약품 제조업
095610,테스,특수 목적용 기계 제조업
131970,테스나,"그외  전문, 과학 및 기술 서비스업"
055490,테이팩스,플라스틱제품 제조업
308700,테크엔,전구 및 조명장치 제조업
089030,테크윙,특수 목적용 기계 제조업
258050,테크트랜스, 금속 가공제품 제조업
054450,텔레칩스,반도체 제조업
091440,텔레필드,통신 및 방송 장비 제조업
196450,텔루스,사진장비 및 광학기기 제조업
078000,텔코웨어,"자료처리, 호스팅, 포털 및  인터넷 정보매개 서비스업"
200230,텔콘RF제약,통신 및 방송 장비 제조업
214420,토니모리, 화학제품 제조업
215480,토박스코리아,"섬유, 의복, 신발 및 가죽제품 소매업"
051360,토비스,영상 및 음향기기 제조업
045340,토탈소프트,소프트웨어 개발 및 공급업
057880,토필드,영상 및 음향기기 제조업
108230,톱텍,특수 목적용 기계 제조업
079970,투비소프트,소프트웨어 개발 및 공급업
199800,툴젠,자연과학 및 공학 연구개발업
140890,트러스제7호,부동산 임대 및 공급업
105550,트루윈,전자부품 제조업
026150,특수건설,토목 건설업
117730,티로보틱스,특수 목적용 기계 제조업
033830,티비씨,텔레비전 방송업
084870,티비에이치글로벌,봉제의복 제조업
228180,티씨엠생명과학,자연과학 및 공학 연구개발업
064760,티씨케이, 비금속 광물제품 제조업
246710,티앤알바이오팹,기초 의약물질 및 생물학적 제제 제조업
277880,티에스아이,특수 목적용 기계 제조업
131290,티에스이,"측정, 시험, 항해, 제어 및  정밀기기 제조업; 광학기기 제외"
246690,티에스인베스트먼트,신탁업 및 집합투자업
019180,티에이치엔, 전기장비 제조업
062860,티엘아이,반도체 제조업
091810,티웨이항공,항공 여객 운송업
004870,티웨이홀딩스,반도체 제조업
191600,티케이씨,전자부품 제조업
104480,티케이케미칼,화학섬유 제조업
081150,티플랙스, 금속 가공제품 제조업
130740,티피씨글로벌,자동차 신품 부품 제조업
217880,틸론,소프트웨어 개발 및 공급업
084730,팅크웨어,통신 및 방송 장비 제조업
046210,파나진,의료용품 및  의약 관련제품 제조업
034230,파라다이스,유원지 및  오락관련 서비스업
033540,파라텍,특수 목적용 기계 제조업
043200,파루,"전동기, 발전기 및 전기 변환 · 공급 · 제어 장치 제조업"
217950,파마리서치바이오,자연과학 및 공학 연구개발업
214450,파마리서치프로덕트,생활용품 도매업
208340,파멥신,의약품 제조업
005690,파미셀,기초 의약물질 및 생물학적 제제 제조업
177830,파버나인,전자부품 제조업
037070,파세코,가정용 기기 제조업
150900,파수닷컴,소프트웨어 개발 및 공급업
037030,파워넷,"전동기, 발전기 및 전기 변환 · 공급 · 제어 장치 제조업"
047310,파워로직스,"전동기, 발전기 및 전기 변환 · 공급 · 제어 장치 제조업"
266870,파워풀엑스,생활용품 도매업
170790,파이오링크,통신 및 방송 장비 제조업
123260,파인넥스,반도체 제조업
049120,파인디앤씨,전자부품 제조업
038950,파인디지털,통신 및 방송 장비 제조업
278990,파인이엠텍,그외  제품 제조업
106240,파인테크닉스,통신 및 방송 장비 제조업
131760,파인텍,전자부품 제조업
140860,파크시스템스,"측정, 시험, 항해, 제어 및  정밀기기 제조업; 광학기기 제외"
091700,파트론,전자부품 제조업
194510,파티게임즈,소프트웨어 개발 및 공급업
038160,팍스넷, 정보 서비스업
202960,판도라티비,소프트웨어 개발 및 공급업
032800,판타지오,창작 및 예술관련 서비스업
043090,팜스웰바이오, 전문 도매업
036580,팜스코,"곡물가공품, 전분 및 전분제품 제조업"
027710,팜스토리,동물용 사료 및 조제식품 제조업
225590,패션플랫폼,봉제의복 제조업
054300,팬스타엔터프라이즈,일반 목적용 기계 제조업
068050,팬엔터테인먼트,"영화, 비디오물, 방송프로그램 제작 및 배급업"
028670,팬오션,해상 운송업
222110,팬젠,의약품 제조업
010820,퍼스텍,무기 및 총포탄 제조업
016800,퍼시스,가구 제조업
060900,퍼시픽바이오,석유 정제품 제조업
263750,펄어비스,소프트웨어 개발 및 공급업
001020,페이퍼코리아,"펄프, 종이 및 판지 제조업"
087010,펩트론,기초 의약물질 및 생물학적 제제 제조업
090080,평화산업,자동차 신품 부품 제조업
043370,평화정공,자동차 신품 부품 제조업
010770,평화홀딩스, 금융업
227420,포레스팅블록체인,회사 본부 및 경영 컨설팅 서비스업
119500,포메탈, 금속 가공제품 제조업
016670,포비스티앤씨, 전문 도매업
056730,포스링크, 전문 도매업
005490,포스코,1차 철강 제조업
022100,포스코 ICT,"건축기술, 엔지니어링 및 관련 기술 서비스업"
058430,포스코강판,1차 철강 제조업
047050,포스코대우,상품 중개업
009520,포스코엠텍,1차 철강 제조업
003670,포스코켐텍,"시멘트, 석회, 플라스터 및 그 제품 제조업"
189690,포시에스,소프트웨어 개발 및 공급업
176560,포인트엔지니어링, 금속 가공제품 제조업
141020,포티스,무점포 소매업
007630,폴루스바이오팜,통신 및 방송 장비 제조업
290720,푸드나무,무점포 소매업
005670,푸드웰,"과실, 채소 가공 및 저장 처리업"
094940,푸른기술,컴퓨터 및 주변장치 제조업
007330,푸른저축은행,은행 및 저축기관
017810,풀무원, 금융업
093380,풍강, 금속 가공제품 제조업
023900,풍국주정,알코올음료 제조업
103140,풍산,1차 비철금속 제조업
005810,풍산홀딩스, 금융업
195440,퓨전데이타,소프트웨어 개발 및 공급업
214270,퓨쳐스트림네트웍스,소프트웨어 개발 및 공급업
220100,퓨쳐켐,의약품 제조업
035200,프럼파스트,플라스틱제품 제조업
203690,프로스테믹스,기초 의약물질 및 생물학적 제제 제조업
303360,프로테옴텍,의료용품 및  의약 관련제품 제조업
053610,프로텍,특수 목적용 기계 제조업
053160,프리엠스,"전동기, 발전기 및 전기 변환 · 공급 · 제어 장치 제조업"
075130,플랜티넷,"컴퓨터 프로그래밍, 시스템 통합 및 관리업"
222670,플럼라인생명과학,자연과학 및 공학 연구개발업
023770,플레이위드,소프트웨어 개발 및 공급업
150440,피노텍,소프트웨어 개발 및 공급업
032580,피델릭스,반도체 제조업
051380,피씨디렉트,기계장비 및 관련 물품 도매업
241820,피씨엘,의료용품 및  의약 관련제품 제조업
237750,피앤씨테크,"전동기, 발전기 및 전기 변환 · 공급 · 제어 장치 제조업"
131390,피앤이솔루션,"전동기, 발전기 및 전기 변환 · 공급 · 제어 장치 제조업"
054340,피앤텔,통신 및 방송 장비 제조업
024850,피에스엠씨,전자부품 제조업
031980,피에스케이,특수 목적용 기계 제조업
002230,피에스텍,"측정, 시험, 항해, 제어 및  정밀기기 제조업; 광학기기 제외"
242350,피엔아이컴퍼니,"영화, 비디오물, 방송프로그램 제작 및 배급업"
239890,피엔에이치테크,기초 화학물질 제조업
137400,피엔티,특수 목적용 기계 제조업
128660,피제이메탈,1차 비철금속 제조업
006140,피제이전자,의료용 기기 제조업
087600,픽셀플러스,전자부품 제조업
033180,필룩스,전자부품 제조업
064800,필링크,"섬유, 의복, 신발 및 가죽제품 소매업"
161580,필옵틱스,특수 목적용 기계 제조업
270520,하나금융10호스팩,금융 지원 서비스업
284620,하나금융11호스팩,금융 지원 서비스업
261200,하나금융9호스팩,금융 지원 서비스업
086790,하나금융지주, 금융업
099340,하나니켈1호,신탁업 및 집합투자업
099350,하나니켈2호,신탁업 및 집합투자업
067310,하나마이크론,반도체 제조업
307160,하나머스트제6호스팩,금융 지원 서비스업
166090,하나머티리얼즈,반도체 제조업
293480,하나제약,의약품 제조업
039130,하나투어,여행사 및  여행보조 서비스업
136480,하림,"도축, 육류 가공 및 저장 처리업"
003380,하림지주, 금융업
172580,하이골드12호,운송장비 임대업
153360,하이골드3호,운송장비 임대업
159650,하이골드8호,운송장비 임대업
149980,하이로닉,의료용 기기 제조업
013030,하이록코리아,1차 철강 제조업
126700,하이비젼시스템,사진장비 및 광학기기 제조업
200470,하이셈,"그외  전문, 과학 및 기술 서비스업"
071090,하이스틸,1차 철강 제조업
221840,하이즈항공,"항공기,우주선 및 부품 제조업"
106190,하이텍팜, 전문 도매업
019490,하이트론씨스템즈,영상 및 음향기기 제조업
000080,하이트진로,알코올음료 제조업
000140,하이트진로홀딩스, 금융업
066130,하츠,가정용 기기 제조업
152550,한국ANKOR유전,신탁업 및 집합투자업
004590,한국가구,생활용품 도매업
036460,한국가스공사,연료용 가스 제조 및 배관공급업
039340,한국경제TV,텔레비전 방송업
005430,한국공항, 운송관련 서비스업
071050,한국금융지주, 금융업
034950,한국기업평가, 사업지원 서비스업
010040,한국내화,"내화, 비내화 요업제품 제조업"
025540,한국단자공업,"전동기, 발전기 및 전기 변환 · 공급 · 제어 장치 제조업"
222980,한국맥널티, 식품 제조업
226610,한국비엔씨,의료용 기기 제조업
004090,한국석유공업, 비금속 광물제품 제조업
025550,한국선재,1차 철강 제조업
002200,한국수출포장공업,"골판지, 종이 상자 및 종이용기 제조업"
002960,한국쉘석유,석유 정제품 제조업
017890,한국알콜, 화학제품 제조업
080720,한국유니온제약,의약품 제조업
123890,한국자산신탁,신탁업 및 집합투자업
015760,한국전력공사,전기업
063570,한국전자금융, 사업지원 서비스업
041460,한국전자인증,소프트웨어 개발 및 공급업
006200,한국전자홀딩스, 금융업
101680,한국정밀기계,특수 목적용 기계 제조업
039740,한국정보공학, 전문 도매업
053300,한국정보인증,소프트웨어 개발 및 공급업
025770,한국정보통신,전기 통신업
271740,한국제5호스팩,금융 지원 서비스업
281410,한국제6호스팩,금융 지원 서비스업
291210,한국제7호스팩,금융 지원 서비스업
310870,한국제8호스팩,금융 지원 서비스업
002300,한국제지,"펄프, 종이 및 판지 제조업"
023350,한국종합기술,"건축기술, 엔지니어링 및 관련 기술 서비스업"
025890,한국주강,특수 목적용 기계 제조업
000970,한국주철관공업,1차 철강 제조업
104700,한국철강,1차 철강 제조업
017960,한국카본,"구조용 금속제품, 탱크 및 증기발생기 제조업"
023760,한국캐피탈, 금융업
054040,한국컴퓨터,전자부품 제조업
050540,한국코퍼레이션, 사업지원 서비스업
161890,한국콜마, 화학제품 제조업
024720,한국콜마홀딩스, 금융업
021650,한국큐빅,플라스틱제품 제조업
161390,한국타이어,고무제품 제조업
000240,한국타이어월드와이드, 금융업
053590,한국테크놀로지,특수 목적용 기계 제조업
034830,한국토지신탁,신탁업 및 집합투자업
007280,한국특수형강,1차 철강 제조업
168490,한국패러랠,신탁업 및 집합투자업
037230,한국팩키지,"골판지, 종이 상자 및 종이용기 제조업"
010100,한국프랜지공업,자동차 신품 부품 제조업
047810,한국항공우주,"항공기,우주선 및 부품 제조업"
123690,한국화장품,생활용품 도매업
003350,한국화장품제조, 화학제품 제조업
030520,한글과컴퓨터,소프트웨어 개발 및 공급업
052600,한네트,전기 통신업
011500,한농화성, 화학제품 제조업
002390,한독,의약품 제조업
014790,한라,토목 건설업
092460,한라IMS,선박 및 보트 건조업
060980,한라홀딩스, 금융업
222810,한류AI센터,소프트웨어 개발 및 공급업
039670,한류타임즈,"서적, 잡지 및  인쇄물 출판업"
053690,한미글로벌,"건축기술, 엔지니어링 및 관련 기술 서비스업"
042700,한미반도체,특수 목적용 기계 제조업
008930,한미사이언스, 금융업
128940,한미약품,의약품 제조업
047080,한빛소프트,소프트웨어 개발 및 공급업
009240,한샘,생활용품 도매업
020000,한섬,봉제의복 제조업
003680,한성기업,수산물 가공 및 저장 처리업
105630,한세실업,봉제의복 제조업
069640,한세엠케이,"섬유, 의복, 신발 및 가죽제품 소매업"
016450,한세예스24홀딩스, 금융업
009180,한솔로지스틱스, 운송관련 서비스업
070300,한솔시큐어,소프트웨어 개발 및 공급업
221610,한솔씨앤피, 화학제품 제조업
070590,한솔인티큐브,"컴퓨터 프로그래밍, 시스템 통합 및 관리업"
213500,한솔제지,"펄프, 종이 및 판지 제조업"
014680,한솔케미칼,기초 화학물질 제조업
004710,한솔테크닉스,전자부품 제조업
010420,한솔피엔에스, 전문 도매업
004150,한솔홀딩스, 금융업
025750,한솔홈데코,제재 및 목재 가공업
226440,한송네오텍,특수 목적용 기계 제조업
042520,한스바이오메드,의료용품 및  의약 관련제품 제조업
004960,한신공영,건물 건설업
011700,한신기계공업,일반 목적용 기계 제조업
078350,한양디지텍,반도체 제조업
045100,한양이엔지,"건축기술, 엔지니어링 및 관련 기술 서비스업"
001750,한양증권,금융 지원 서비스업
018880,한온시스템,일반 목적용 기계 제조업
009420,한올바이오파마,의약품 제조업
014130,한익스프레스,도로 화물 운송업
046110,한일네트웍스,"자료처리, 호스팅, 포털 및  인터넷 정보매개 서비스업"
024740,한일단조,자동차 신품 부품 제조업
005860,한일사료,동물용 사료 및 조제식품 제조업
300720,한일시멘트,"시멘트, 석회, 플라스터 및 그 제품 제조업"
123840,한일진공,특수 목적용 기계 제조업
002220,한일철강,1차 철강 제조업
006390,한일현대시멘트,"시멘트, 석회, 플라스터 및 그 제품 제조업"
003300,한일홀딩스,회사 본부 및 경영 컨설팅 서비스업
007770,한일화학,기초 화학물질 제조업
051600,한전KPS,전기 및 통신 공사업
052690,한전기술,"건축기술, 엔지니어링 및 관련 기술 서비스업"
130660,한전산업,"건축기술, 엔지니어링 및 관련 기술 서비스업"
107640,한중엔시에스,자동차 신품 부품 제조업
002320,한진,도로 화물 운송업
097230,한진중공업,토목 건설업
003480,한진중공업홀딩스, 금융업
180640,한진칼, 금융업
005110,한창,기계장비 및 관련 물품 도매업
079170,한창산업,1차 비철금속 제조업
009460,한창제지,"펄프, 종이 및 판지 제조업"
086960,한컴MDS,소프트웨어 개발 및 공급업
054920,한컴시큐어,소프트웨어 개발 및 공급업
215090,한컴유니맥스,"측정, 시험, 항해, 제어 및  정밀기기 제조업; 광학기기 제외"
077280,한컴지엠디,소프트웨어 개발 및 공급업
002680,한탑,"곡물가공품, 전분 및 전분제품 제조업"
066110,한프,컴퓨터 및 주변장치 제조업
000880,한화, 화학제품 제조업
027390,한화갤러리아타임월드,종합 소매업
088350,한화생명,보험업
000370,한화손해보험,보험업
265920,한화수성스팩,금융 지원 서비스업
012450,한화에어로스페이스,"항공기,우주선 및 부품 제조업"
264290,한화에이스스팩3호,금융 지원 서비스업
279410,한화에이스스팩4호,금융 지원 서비스업
009830,한화케미칼,기초 화학물질 제조업
003530,한화투자증권,금융 지원 서비스업
102210,해덕파워웨이,선박 및 보트 건조업
220630,해마로푸드서비스,음·식료품 및 담배 도매업
195870,해성디에스,전자부품 제조업
034810,해성산업,부동산 임대 및 공급업
076610,해성옵틱스,사진장비 및 광학기기 제조업
101530,해태제과식품, 식품 제조업
220180,핸디소프트,소프트웨어 개발 및 공급업
143210,핸즈코퍼레이션,자동차 신품 부품 제조업
900270,헝셩그룹, 금융업
000720,현대건설,토목 건설업
267270,현대건설기계,일반 목적용 기계 제조업
170030,현대공업,자동차 신품 부품 제조업
005440,현대그린푸드,종합 소매업
086280,현대글로비스, 운송관련 서비스업
064350,현대로템,철도장비 제조업
079430,현대리바트,가구 제조업
012330,현대모비스,자동차 신품 부품 제조업
010620,현대미포조선,선박 및 보트 건조업
048410,현대바이오, 화학제품 제조업
069960,현대백화점,종합 소매업
004560,현대비앤지스틸,1차 철강 제조업
016790,현대사료,동물용 사료 및 조제식품 제조업
011200,현대상선,해상 운송업
004310,현대약품,의약품 제조업
126560,현대에이치씨엔,텔레비전 방송업
017800,현대엘리베이터,일반 목적용 기계 제조업
011210,현대위아,자동차 신품 부품 제조업
267260,현대일렉트릭,"전동기, 발전기 및 전기 변환 · 공급 · 제어 장치 제조업"
005380,현대자동차,자동차용 엔진 및 자동차 제조업
026180,현대정보기술,"컴퓨터 프로그래밍, 시스템 통합 및 관리업"
004020,현대제철,1차 철강 제조업
011760,현대종합상사,상품 종합 도매업
009540,현대중공업,선박 및 보트 건조업
267250,현대중공업지주, 금융업
001500,현대차증권,금융 지원 서비스업
227840,현대코퍼레이션홀딩스,음·식료품 및 담배 도매업
039010,현대통신,통신 및 방송 장비 제조업
001450,현대해상,보험업
057050,현대홈쇼핑,무점포 소매업
204990,현성바이탈, 식품 제조업
092300,현우산업,전자부품 제조업
053660,현진소재, 금속 가공제품 제조업
011080,형지I&C,봉제의복 제조업
093240,형지엘리트,봉제의복 제조업
003010,혜인,기계장비 및 관련 물품 도매업
111110,호전실업,봉제의복 제조업
008770,호텔신라, 상품 전문 소매업
060560,홈센타홀딩스, 금융업
064240,홈캐스트,영상 및 음향기기 제조업
039610,화성밸브,일반 목적용 기계 제조업
002460,화성산업,건물 건설업
013520,화승알앤에이,자동차 신품 부품 제조업
241590,화승엔터프라이즈, 금융업
006060,화승인더스트리,플라스틱제품 제조업
010690,화신,자동차 신품 부품 제조업
126640,화신정공,자동차 신품 부품 제조업
086250,화신테크,특수 목적용 기계 제조업
204630,화이브라더스코리아,창작 및 예술관련 서비스업
133820,화인베스틸,1차 철강 제조업
061250,화일약품,의약품 제조업
134780,화진,자동차 신품 부품 제조업
010660,화천기계,특수 목적용 기계 제조업
000850,화천기공,특수 목적용 기계 제조업
016580,환인제약,의약품 제조업
032560,황금에스티,1차 비철금속 제조업
004800,효성,화학섬유 제조업
094280,효성 ITX, 사업지원 서비스업
097870,효성오앤비,"비료, 농약 및 살균, 살충제 제조업"
298040,효성중공업,"전동기, 발전기 및 전기 변환 · 공급 · 제어 장치 제조업"
298050,효성첨단소재,화학섬유 제조업
298020,효성티앤씨,화학섬유 제조업
298000,효성화학,기초 화학물질 제조업
093370,후성,기초 화학물질 제조업
050090,휘닉스소재,전자부품 제조업
081660,휠라코리아,생활용품 도매업
290270,휴네시온,소프트웨어 개발 및 공급업
005870,휴니드테크놀러지스,통신 및 방송 장비 제조업
284420,휴럼, 식품 제조업
205470,휴마시스,의료용품 및  의약 관련제품 제조업
115160,휴맥스,영상 및 음향기기 제조업
028080,휴맥스홀딩스, 금융업
200670,휴메딕스,의약품 제조업
212310,휴벡셀,의료용 기기 제조업
079980,휴비스,화학섬유 제조업
065510,휴비츠,의료용 기기 제조업
005010,휴스틸,1차 철강 제조업
243070,휴온스,의약품 제조업
084110,휴온스글로벌, 금융업
145020,휴젤,기초 의약물질 및 생물학적 제제 제조업
069260,휴켐스, 화학제품 제조업
024060,흥구석유, 전문 도매업
010240,흥국,특수 목적용 기계 제조업
189980,흥국에프엔비,비알코올음료 및 얼음 제조업
000540,흥국화재,보험업
003280,흥아해운,해상 운송업
037440,희림,"건축기술, 엔지니어링 및 관련 기술 서비스업"
238490,힘스,특수 목적용 기계 제조업
